/*
 Navicat Premium Data Transfer

 Source Server         : localhost
 Source Server Type    : MySQL
 Source Server Version : 50631
 Source Host           : 127.0.0.1
 Source Database       : foxgo

 Target Server Type    : MySQL
 Target Server Version : 50631
 File Encoding         : utf-8

 Date: 12/26/2016 17:34:46 PM
*/

SET NAMES utf8;
SET FOREIGN_KEY_CHECKS = 0;

-- ----------------------------
--  Table structure for `admin`
-- ----------------------------
DROP TABLE IF EXISTS `admin`;
CREATE TABLE `admin` (
  `aid` int(11) unsigned NOT NULL AUTO_INCREMENT,
  `username` char(30) NOT NULL DEFAULT '' COMMENT '用户名',
  `password` char(32) NOT NULL DEFAULT '' COMMENT '密码',
  `mail` varchar(80) NOT NULL DEFAULT '' COMMENT '邮箱',
  `salt` varchar(10) NOT NULL DEFAULT '' COMMENT '干扰码',
  `time_add` timestamp NULL DEFAULT CURRENT_TIMESTAMP COMMENT '注册时间',
  `time_update` timestamp NULL DEFAULT NULL ON UPDATE CURRENT_TIMESTAMP COMMENT '更新时间',
  `ip` char(15) NOT NULL DEFAULT '' COMMENT '添加IP',
  `job_no` varchar(15) NOT NULL DEFAULT '' COMMENT '工号',
  `nick_name` varchar(50) NOT NULL DEFAULT '' COMMENT '昵称',
  `true_name` varchar(50) NOT NULL DEFAULT '' COMMENT '真实姓名',
  `qq` varchar(50) NOT NULL DEFAULT '' COMMENT 'qq',
  `phone` varchar(50) NOT NULL DEFAULT '' COMMENT '电话',
  `mobile` varchar(20) NOT NULL DEFAULT '' COMMENT '手机',
  `is_del` tinyint(1) unsigned NOT NULL DEFAULT '0' COMMENT '删除0否1是',
  PRIMARY KEY (`aid`),
  KEY `username` (`username`),
  KEY `is_del` (`is_del`)
) ENGINE=InnoDB AUTO_INCREMENT=2 DEFAULT CHARSET=utf8 ROW_FORMAT=COMPACT COMMENT='管理员表';

-- ----------------------------
--  Records of `admin`
-- ----------------------------
BEGIN;
INSERT INTO `admin` VALUES ('1', 'admin', '4123153894931e979707f5b86fecc120', 'admin', 'admin', '2016-12-21 17:08:38', '2016-12-21 09:09:05', '', '', '这是昵称', '真实姓名', '', '', '', '0');
COMMIT;

-- ----------------------------
--  Table structure for `admin_menu`
-- ----------------------------
DROP TABLE IF EXISTS `admin_menu`;
CREATE TABLE `admin_menu` (
  `id` int(11) unsigned NOT NULL AUTO_INCREMENT,
  `name` char(100) NOT NULL DEFAULT '' COMMENT '名称',
  `parent_id` int(11) NOT NULL DEFAULT '0' COMMENT '上级菜单',
  `s` char(60) NOT NULL DEFAULT '' COMMENT '模块/控制器/动作',
  `data` char(100) NOT NULL DEFAULT '' COMMENT '其他参数',
  `sort` int(11) unsigned NOT NULL DEFAULT '0' COMMENT '排序',
  `remark` varchar(255) NOT NULL DEFAULT '' COMMENT '备注',
  `type` char(32) NOT NULL DEFAULT 'url' COMMENT '类别url菜单function独立功能user用户独有',
  `level` tinyint(3) unsigned NOT NULL DEFAULT '0' COMMENT '级别',
  `level1_id` int(11) unsigned NOT NULL DEFAULT '0' COMMENT '1级栏目ID',
  `md5` char(32) NOT NULL DEFAULT '' COMMENT 's的md5值',
  `is_show` tinyint(1) NOT NULL DEFAULT '1' COMMENT '显示隐藏;1显示;0隐藏',
  `is_unique` tinyint(1) NOT NULL DEFAULT '0' COMMENT '用户独有此功能1是0否',
  PRIMARY KEY (`id`),
  KEY `sort` (`sort`),
  KEY `parent_id` (`parent_id`),
  KEY `s` (`s`)
) ENGINE=InnoDB AUTO_INCREMENT=305 DEFAULT CHARSET=utf8 ROW_FORMAT=COMPACT COMMENT='菜单';

-- ----------------------------
--  Records of `admin_menu`
-- ----------------------------
BEGIN;
INSERT INTO `admin_menu` VALUES ('1', '后台', '0', '', '', '0', '', 'url', '0', '1', '', '1', '0'), ('2', '供应商后台', '0', '', '', '0', '', 'url', '0', '2', '', '1', '0'), ('3', '顶部', '1', 'Admin/Index/index', '', '0', '', 'url', '1', '3', '3163966cc91aaf10c8b965f6ff603ea1', '1', '0'), ('4', '系统', '5', '', '', '999', '', 'url', '2', '4', 'd41d8cd98f00b204e9800998ecf8427e', '1', '0'), ('5', '左侧', '1', '', '', '0', '', 'url', '1', '5', 'd41d8cd98f00b204e9800998ecf8427e', '1', '0'), ('102', '菜单管理', '4', 'Admin/AdminMenu/index', '', '0', '', 'url', '3', '4', '2ff2cd8665afa38c82190d10cc0739b7', '1', '0'), ('103', '添加', '102', 'Admin/AdminMenu/add', '', '0', '', 'url', '4', '4', '', '1', '0'), ('104', '修改', '102', 'Admin/AdminMenu/edit', '', '0', '', 'url', '4', '4', '', '1', '0'), ('105', '删除', '102', 'Admin/AdminMenu/del', '', '0', '', 'url', '4', '4', '', '1', '0'), ('106', '排序', '102', 'Admin/AdminMenu/sort', '', '0', '', 'url', '4', '4', '', '1', '0'), ('107', '管理员', '5', '', '', '1', '', 'url', '2', '107', 'd41d8cd98f00b204e9800998ecf8427e', '1', '0'), ('108', '管理员管理', '107', 'Admin/AdminUser/index', '', '0', '', 'url', '3', '107', '8795ce03d166413dbd7e65c827599f1c', '1', '0'), ('109', '添加', '108', 'Admin/AdminUser/add', '', '0', '', 'url', '4', '5', '', '1', '0'), ('110', '修改', '108', 'Admin/AdminUser/edit', '', '0', '', 'url', '4', '5', '', '1', '0'), ('111', '删除', '108', 'Admin/AdminUser/del', '', '0', '', 'url', '4', '5', '', '1', '0'), ('113', '内容', '5', '', '', '980', '', 'url', '2', '113', 'd41d8cd98f00b204e9800998ecf8427e', '1', '0'), ('124', 'SEO关键词管理', '113', 'Admin/Seo/index', '', '0', '', 'url', '3', '113', '0331df98e2e9a1fed2a576b4a4e5ddbe', '1', '0'), ('126', '商品发布', '5', '', '', '8', '', 'url', '2', '126', 'd41d8cd98f00b204e9800998ecf8427e', '1', '0'), ('133', '用户', '5', '', '', '3', '', 'url', '2', '133', 'd41d8cd98f00b204e9800998ecf8427e', '1', '0'), ('134', '用户列表', '133', 'Admin/Member/index', '', '0', '', 'url', '3', '133', '2f6561e7f1e0255dcd49e5c149915b98', '1', '0'), ('135', '品牌管理', '126', 'Admin/GoodsBrand/index', '', '199', '', 'url', '3', '126', '86c346565ba7e1a5a0b3e44bb3022c4b', '1', '0'), ('146', '栏目管理', '126', 'Admin/GoodsCategory/index', '', '198', '', 'url', '3', '126', '5e37c6297c7a4376e0b09005264fee7e', '1', '0'), ('149', '新闻资讯管理', '113', 'Admin/News/index', '', '0', '', 'url', '3', '113', '4ec4134ca45fb422f6654b4996e84b86', '1', '0'), ('150', '新闻栏目管理', '113', 'Admin/NewsType/index', '', '0', '', 'url', '3', '113', '6c40fdb242a8ce810b580ee0ee040a8c', '1', '0'), ('158', '角色管理', '107', 'Admin/AdminRole/index', '', '0', '', 'url', '3', '107', '52d35dc46479e8ab9ba8c69309ca7630', '1', '0'), ('162', '短信邮件模板', '4', 'Admin/Template/index', '', '0', '', 'url', '3', '4', 'ad4c91e5d3034ad65a2dea070cdd2749', '1', '0'), ('163', '省市区管理', '4', 'Admin/City/index', '', '0', '', 'url', '3', '4', '832c97baea0529368c9860bca0bc0022', '1', '0'), ('164', '添加', '163', 'Admin/City/add', '', '0', '', 'url', '4', '4', 'a6705656626d66d23fa06dd8e77ca8a7', '1', '0'), ('165', '缓存更新', '4', 'Admin/Cache/index', '', '0', '', 'url', '3', '4', 'ab791d0af82f85a985886de26bd41378', '1', '0'), ('169', '商品管理', '126', 'Admin/Goods/index', '', '196', '', 'url', '3', '126', 'fedac1031fee10a4996b82c76b03e50b', '1', '0'), ('170', '用户 组', '133', 'Admin/MemberGroup/index', '', '201', '', 'url', '3', '133', '03ecf863853b1d7e96ea884968d2c594', '1', '0'), ('184', '附件', '4', 'Admin/Attachment/index', '', '0', '', 'url', '3', '4', 'd404f6e2269218d84901c9670eafcd45', '1', '0'), ('234', '详情', '134', 'Admin/Member/detail', '', '0', '', 'url', '4', '5', '3d0136563a7042853753d9b1e3481739', '1', '0'), ('235', '编辑', '134', 'Admin/Member/edit', '', '0', '', 'url', '4', '5', '6e9db360bf3f19359d432fe05a8693f5', '1', '0'), ('237', '删除', '134', 'Admin/Member/changeStatus', '', '0', '', 'url', '4', '5', '1fb780afe0f4d60e721a82238989ba5a', '1', '0'), ('238', '用户组', '134', 'Admin/Member/group', '', '0', '', 'url', '4', '5', 'f96aa7153c61feac7258c7acad42f314', '1', '0'), ('245', '接口', '5', '', '', '970', '', 'url', '2', '245', 'd41d8cd98f00b204e9800998ecf8427e', '1', '0'), ('261', '接口订单', '245', 'Admin/ApiSales/index', '', '0', '', 'url', '3', '5', 'c222e344c5e89afc0af1c2bb781497a9', '1', '0'), ('272', '商品添加', '169', 'Admin/Goods/add', '', '0', '', 'url', '4', '126', '19d0ae0b3117fe3ee27fa2c22a8aa6f1', '1', '0'), ('273', '商品修改', '169', 'Admin/Goods/edit', '', '0', '', 'url', '4', '5', 'b26fb1761fa31aff96d4337c092d83e6', '1', '0'), ('277', '接口订单查看', '261', 'Admin/ApiSales/show', '', '0', '', 'url', '4', '5', '836825f4316f63debabcdd3b57bb4359', '1', '0'), ('278', '接口订单省市区修改', '261', 'Admin/ApiSales/customer', '', '0', '', 'url', '4', '5', '81012ddfd590423a7de11d124279eb4c', '1', '0'), ('279', '接口订单-生成子单', '261', 'Admin/ApiSales/createNewOrder', '', '0', '', 'url', '4', '5', '61917b86e5dff94b66692f336623eb0a', '1', '0'), ('280', '接口订单-更新备注', '261', 'Admin/ApiSales/remarkAdmin', '', '0', '', 'url', '4', '5', 'b92a8413f99a1642cdbcaff53950f166', '1', '0'), ('301', '快递公司', '4', 'Admin/ExpressCompany/index', '', '0', '', 'url', '3', '5', '683b76babc22d012e548e3e180332798', '1', '0'), ('302', '订单', '5', 'admin/Order/index', '', '302', '', 'url', '2', '5', 'd52de9475283490b823b47890e129602', '1', '0'), ('303', '订单管理', '302', 'admin/Order/index', '', '303', '', 'url', '3', '5', 'd52de9475283490b823b47890e129602', '1', '0'), ('304', '库存', '126', 'admin/stock/index', '', '304', '', 'url', '3', '5', '18e85c20b73b53be7da11c54e67178b0', '1', '0');
COMMIT;

-- ----------------------------
--  Table structure for `admin_role_access`
-- ----------------------------
DROP TABLE IF EXISTS `admin_role_access`;
CREATE TABLE `admin_role_access` (
  `aid` int(11) DEFAULT '0' COMMENT '管理员ID',
  `role_id` int(11) DEFAULT '0' COMMENT '角色ID',
  UNIQUE KEY `aid_role_id` (`aid`,`role_id`)
) ENGINE=InnoDB DEFAULT CHARSET=utf8 ROW_FORMAT=COMPACT COMMENT='管理员与角色的关系、一个管理员可以有多个角色';

-- ----------------------------
--  Records of `admin_role_access`
-- ----------------------------
BEGIN;
INSERT INTO `admin_role_access` VALUES ('1', '430');
COMMIT;

-- ----------------------------
--  Table structure for `admin_role_priv`
-- ----------------------------
DROP TABLE IF EXISTS `admin_role_priv`;
CREATE TABLE `admin_role_priv` (
  `id` int(10) NOT NULL AUTO_INCREMENT,
  `role_id` smallint(3) unsigned NOT NULL DEFAULT '0' COMMENT '角色ID',
  `s` char(100) NOT NULL DEFAULT '' COMMENT '模块/控制器/动作',
  `data` char(50) NOT NULL DEFAULT '' COMMENT '其他参数',
  `aid` int(10) unsigned NOT NULL DEFAULT '0' COMMENT '管理员ID',
  `menu_id` int(10) unsigned NOT NULL DEFAULT '0' COMMENT '菜单ID',
  `type` char(32) NOT NULL DEFAULT 'url' COMMENT '类别url菜单function独立功能user用户独有',
  PRIMARY KEY (`id`),
  KEY `role_id` (`role_id`),
  KEY `role_id_2` (`role_id`,`s`)
) ENGINE=InnoDB AUTO_INCREMENT=43 DEFAULT CHARSET=utf8 ROW_FORMAT=COMPACT COMMENT='角色权限表';

-- ----------------------------
--  Records of `admin_role_priv`
-- ----------------------------
BEGIN;
INSERT INTO `admin_role_priv` VALUES ('29', '429', '', '', '0', '1', 'url'), ('30', '429', '', '', '0', '4', 'url'), ('31', '429', '', '', '0', '5', 'url'), ('32', '429', 'Admin/AdminMenu/index', '', '0', '102', 'url'), ('33', '429', 'Admin/AdminMenu/add', '', '0', '103', 'url'), ('34', '429', 'Admin/AdminMenu/edit', '', '0', '104', 'url'), ('35', '429', 'Admin/AdminMenu/del', '', '0', '105', 'url'), ('36', '429', 'Admin/AdminMenu/sort', '', '0', '106', 'url'), ('37', '429', 'Admin/Template/index', '', '0', '162', 'url'), ('38', '429', 'Admin/City/index', '', '0', '163', 'url'), ('39', '429', 'Admin/City/add', '', '0', '164', 'url'), ('40', '429', 'Admin/Cache/index', '', '0', '165', 'url'), ('41', '429', 'Admin/Attachment/index', '', '0', '184', 'url'), ('42', '429', 'Admin/ExpressCompany/index', '', '0', '301', 'url');
COMMIT;

-- ----------------------------
--  Table structure for `admin_status`
-- ----------------------------
DROP TABLE IF EXISTS `admin_status`;
CREATE TABLE `admin_status` (
  `status_id` int(11) NOT NULL AUTO_INCREMENT,
  `aid` int(11) NOT NULL DEFAULT '0' COMMENT '管理员iD',
  `login_time` timestamp NULL DEFAULT NULL COMMENT '登录时间',
  `login_ip` char(20) NOT NULL DEFAULT '' COMMENT 'IP',
  `login` int(11) NOT NULL DEFAULT '0' COMMENT '登录次数',
  `aid_add` int(11) NOT NULL DEFAULT '0' COMMENT '添加人',
  `aid_update` int(11) NOT NULL DEFAULT '0' COMMENT '更新人',
  `time_update` timestamp NULL DEFAULT NULL COMMENT '更新时间',
  PRIMARY KEY (`status_id`)
) ENGINE=InnoDB DEFAULT CHARSET=utf8 ROW_FORMAT=COMPACT COMMENT='状态';

-- ----------------------------
--  Table structure for `area`
-- ----------------------------
DROP TABLE IF EXISTS `area`;
CREATE TABLE `area` (
  `id` int(11) NOT NULL AUTO_INCREMENT,
  `name` char(50) DEFAULT '' COMMENT '名称',
  `name_en` varchar(100) DEFAULT '' COMMENT '英文名称',
  `parent_id` int(11) DEFAULT '0' COMMENT '上级栏目ID',
  `type` tinyint(4) DEFAULT '0' COMMENT '类别;0默认;',
  `name_traditional` varchar(50) DEFAULT '' COMMENT '繁体名称',
  `sort` int(11) DEFAULT '0' COMMENT '排序',
  PRIMARY KEY (`id`),
  KEY `parent_id` (`parent_id`)
) ENGINE=InnoDB AUTO_INCREMENT=820201 DEFAULT CHARSET=utf8 ROW_FORMAT=COMPACT COMMENT='地区表';

-- ----------------------------
--  Records of `area`
-- ----------------------------
BEGIN;
INSERT INTO `area` VALUES ('1', '中国', 'China', '0', '0', '中國', '1'), ('2', '阿富汗', 'Afghanistan', '0', '0', '阿富汗', '2'), ('3', '奥兰群岛', 'Aland Islands', '0', '0', '奧蘭群島', '3'), ('4', '阿拉斯加', 'Alaska(U.S.A)', '0', '0', '阿拉斯加', '4'), ('5', '阿尔巴尼亚', 'Albania', '0', '0', '阿爾巴尼亞', '5'), ('6', '阿尔及利亚', 'Algeria', '0', '0', '阿爾及利亞', '6'), ('7', '东萨摩亚(美)', 'American Samoa', '0', '0', '東薩摩亞(美)', '7'), ('8', '安道尔', 'Andorra', '0', '0', '安道爾', '8'), ('9', '安哥拉', 'Angola', '0', '0', '安哥拉', '9'), ('10', '安圭拉岛(英)', 'Anguilla', '0', '0', '安圭拉島(英)', '10'), ('11', '南极', 'Antarctica', '0', '0', '南極', '11'), ('12', '安提瓜和巴布达', 'Antigua and Barbuda', '0', '0', '安提瓜和巴布達', '12'), ('13', '阿根廷', 'Argentina', '0', '0', '阿根廷', '13'), ('14', '亚美尼亚', 'Armenia', '0', '0', '亞美尼亞', '14'), ('15', '阿鲁巴岛', 'Aruba', '0', '0', '阿魯巴島', '15'), ('16', '澳大利亚', 'Australia', '0', '0', '澳大利亞', '16'), ('17', '奥地利', 'Austria', '0', '0', '奧地利', '17'), ('18', '阿塞拜疆', 'Azerbaijan', '0', '0', '阿塞拜疆', '18'), ('19', '巴林', 'Bahrain', '0', '0', '巴林', '19'), ('20', '根西岛(英)', 'Bailiwick of Guernsey', '0', '0', '根西島(英)', '20'), ('21', '孟加拉国', 'Bangladesh', '0', '0', '孟加拉國', '21'), ('22', '巴巴多斯', 'Barbados', '0', '0', '巴巴多斯', '22'), ('23', '白俄罗斯', 'Belarus', '0', '0', '白俄羅斯', '23'), ('24', '比利时', 'Belgium', '0', '0', '比利時', '24'), ('25', '伯利兹', 'Belize', '0', '0', '伯利茲', '25'), ('26', '贝宁', 'Benin', '0', '0', '貝寧', '26'), ('27', '百慕大群岛(英)', 'Bermuda', '0', '0', '百慕大群島(英)', '27'), ('28', '不丹', 'Bhutan', '0', '0', '不丹', '28'), ('29', '玻利维亚', 'Bolivia', '0', '0', '玻利維亞', '29'), ('30', '波斯尼亚和黑塞哥维那', 'Bosnia and Herzegovina', '0', '0', '波斯尼亞和黑塞哥維那', '30'), ('31', '博茨瓦纳', 'Botswana', '0', '0', '博茨瓦納', '31'), ('32', '巴西', 'Brazil', '0', '0', '巴西', '32'), ('33', '保加利亚', 'Bulgaria', '0', '0', '保加利亞', '33'), ('34', '布基纳法索', 'Burkinafaso', '0', '0', '布基納法索', '34'), ('35', '布隆迪', 'Burundi', '0', '0', '布隆迪', '35'), ('36', '喀麦隆', 'Cameroon', '0', '0', '喀麥隆', '36'), ('37', '加拿大', 'Canada', '0', '0', '加拿大', '37'), ('38', '加那利群岛', 'Canaries Island', '0', '0', '加那利群島', '38'), ('39', '佛得角', 'Cape Verde', '0', '0', '佛得角', '39'), ('40', '开曼群岛(英)', 'Cayman Islands', '0', '0', '開曼群島(英)', '40'), ('41', '中非', 'Central African Republic', '0', '0', '中非', '41'), ('42', '乍得', 'Chad', '0', '0', '乍得', '42'), ('43', '智利', 'Chile', '0', '0', '智利', '43'), ('44', '圣诞岛', 'Christmas Island', '0', '0', '聖誕島', '44'), ('45', '科科斯岛', 'Cocos (Keeling) Islands', '0', '0', '科科斯島', '45'), ('46', '哥伦比亚', 'Colombia', '0', '0', '哥倫比亞', '46'), ('47', '科摩罗', 'Comoros', '0', '0', '科摩羅', '47'), ('48', '刚果', 'Congo', '0', '0', '剛果', '48'), ('49', '科克群岛(新)', 'Cook Island', '0', '0', '科克群島(新)', '49'), ('50', '哥斯达黎加', 'Costa Rica', '0', '0', '哥斯達黎加', '50'), ('51', '克罗地亚', 'Croatia', '0', '0', '克羅地亞', '51'), ('52', '古巴', 'Cuba', '0', '0', '古巴', '52'), ('53', '塞浦路斯', 'Cyprus', '0', '0', '塞浦路斯', '53'), ('54', '捷克', 'Czech', '0', '0', '捷克', '54'), ('55', '刚果(金)', 'Democratic Republic of the Congo', '0', '0', '剛果(金)', '55'), ('56', '丹麦', 'Denmark', '0', '0', '丹麥', '56'), ('57', '迪戈加西亚岛', 'Diego Garcia', '0', '0', '迪戈加西亞島', '57'), ('58', '吉布提', 'Djibouti', '0', '0', '吉布提', '58'), ('59', '多米尼克国', 'Dominica', '0', '0', '多米尼克國', '59'), ('60', '多米尼加共和国', 'Dominican Republic', '0', '0', '多米尼加共和國', '60'), ('61', '厄瓜多尔', 'Ecuador', '0', '0', '厄瓜多爾', '61'), ('62', '埃及', 'Egypt', '0', '0', '埃及', '62'), ('63', '萨尔瓦多', 'El Salvador', '0', '0', '薩爾瓦多', '63'), ('64', '赤道几内亚', 'Equatorial Guinea', '0', '0', '赤道幾內亞', '64'), ('65', '厄立特里亚', 'Eritrea', '0', '0', '厄立特裏亞', '65'), ('66', '爱沙尼亚', 'Estonia', '0', '0', '愛沙尼亞', '66'), ('67', '埃塞俄比亚', 'Ethiopia', '0', '0', '埃塞俄比亞', '67'), ('68', '福克兰群岛', 'Falkland Islands (Malvinas)', '0', '0', '福克蘭群島', '68'), ('69', '法罗群岛(丹)', 'Faroe Islands', '0', '0', '法羅群島(丹)', '69'), ('70', '斐济', 'Fiji', '0', '0', '斐濟', '70'), ('71', '芬兰', 'Finland', '0', '0', '芬蘭', '71'), ('72', '法国', 'France', '0', '0', '法國', '72'), ('73', '法属波里尼西亚', 'French Polynesia', '0', '0', '法屬波裏尼西亞', '73'), ('74', '加蓬', 'Gabon', '0', '0', '加蓬', '74'), ('75', '冈比亚', 'Gambia', '0', '0', '岡比亞', '75'), ('76', '格鲁吉亚', 'Georgia', '0', '0', '格魯吉亞', '76'), ('77', '德国', 'Germany', '0', '0', '德國', '77'), ('78', '加纳', 'Ghana', '0', '0', '加納', '78'), ('79', '直布罗陀(英)', 'Gibraltar', '0', '0', '直布羅陀(英)', '79'), ('80', '希腊', 'Greece', '0', '0', '希臘', '80'), ('81', '格陵兰岛', 'Greenland', '0', '0', '格陵蘭島', '81'), ('82', '格林纳达', 'Grenada', '0', '0', '格林納達', '82'), ('83', '瓜德罗普岛(法)', 'Guadeloupe', '0', '0', '瓜德羅普島(法)', '83'), ('84', '关岛(美)', 'Guam', '0', '0', '關島(美)', '84'), ('85', '危地马拉', 'Guatemala', '0', '0', '危地馬拉', '85'), ('86', '几内亚', 'Guinea', '0', '0', '幾內亞', '86'), ('87', '几内亚比绍', 'Guinea-bissau', '0', '0', '幾內亞比紹', '87'), ('88', '法属圭亚那', 'Guyana', '0', '0', '法屬圭亞那', '88'), ('89', '圭亚那', 'Guyana', '0', '0', '圭亞那', '89'), ('90', '海地', 'Haiti', '0', '0', '海地', '90'), ('91', '洪都拉斯', 'Honduras', '0', '0', '洪都拉斯', '91'), ('92', '匈牙利', 'HunGary', '0', '0', '匈牙利', '92'), ('93', '冰岛', 'Iceland', '0', '0', '冰島', '93'), ('94', '印度', 'India', '0', '0', '印度', '94'), ('95', '印度尼西亚', 'Indonesia', '0', '0', '印度尼西亞', '95'), ('96', '伊郎', 'Iran', '0', '0', '伊郎', '96'), ('97', '伊拉克', 'Iraq', '0', '0', '伊拉克', '97'), ('98', '爱尔兰', 'Ireland', '0', '0', '愛爾蘭', '98'), ('99', '马恩岛(英)', 'Isle of Man', '0', '0', '馬恩島(英)', '99'), ('100', '以色列', 'Israel', '0', '0', '以色列', '100'), ('101', '意大利', 'Italy', '0', '0', '意大利', '101'), ('102', '科特迪瓦', 'Ivory Coast', '0', '0', '科特迪瓦', '102'), ('103', '牙买加', 'Jamaica', '0', '0', '牙買加', '103'), ('104', '日本', 'Japan', '0', '0', '日本', '104'), ('105', '泽西岛(英)', 'Jersey', '0', '0', '澤西島(英)', '105'), ('106', '约旦', 'Jordan', '0', '0', '約旦', '106'), ('107', '柬埔塞', 'Kampuchea', '0', '0', '柬埔塞', '107'), ('108', '哈萨克斯坦', 'Kazakhstan', '0', '0', '哈薩克斯坦', '108'), ('109', '肯尼亚', 'Kenya', '0', '0', '肯尼亞', '109'), ('110', '基里巴斯', 'Kiribati', '0', '0', '基裏巴斯', '110'), ('111', '科威特', 'Kuwait', '0', '0', '科威特', '111'), ('112', '吉尔吉斯斯坦', 'Kyrgyzstan', '0', '0', '吉爾吉斯斯坦', '112'), ('113', '老挝', 'Laos', '0', '0', '老撾', '113'), ('114', '拉脱维亚', 'Latvia', '0', '0', '拉脫維亞', '114'), ('115', '黎巴嫩', 'Lebanon', '0', '0', '黎巴嫩', '115'), ('116', '莱索托', 'Lesotho', '0', '0', '萊索托', '116'), ('117', '利比里亚', 'Liberia', '0', '0', '利比裏亞', '117'), ('118', '利比亚', 'Libya', '0', '0', '利比亞', '118'), ('119', '列支敦士登', 'Liechtenstein', '0', '0', '列支敦士登', '119'), ('120', '立陶宛', 'Lithuania', '0', '0', '立陶宛', '120'), ('121', '卢森堡', 'Luxembourg', '0', '0', '盧森堡', '121'), ('122', '马其顿', 'Macedonia', '0', '0', '馬其頓', '122'), ('123', '马达加斯加', 'Madagascar', '0', '0', '馬達加斯加', '123'), ('124', '马拉维', 'Malawi', '0', '0', '馬拉維', '124'), ('125', '马来西亚', 'Malaysia', '0', '0', '馬來西亞', '125'), ('126', '马尔代夫', 'Maldives', '0', '0', '馬爾代夫', '126'), ('127', '马里', 'Mali', '0', '0', '馬裏', '127'), ('128', '马耳他', 'Malta', '0', '0', '馬耳他', '128'), ('129', '马绍尔群岛', 'Marshall Island', '0', '0', '馬紹爾群島', '129'), ('130', '马提尼克(法)', 'Martinique', '0', '0', '馬提尼克(法)', '130'), ('131', '毛里塔尼亚', 'Mauritania', '0', '0', '毛裏塔尼亞', '131'), ('132', '毛里求斯', 'Mauritius', '0', '0', '毛裏求斯', '132'), ('133', '马约特岛', 'Mayotte', '0', '0', '馬約特島', '133'), ('134', '墨西哥', 'Mexico', '0', '0', '墨西哥', '134'), ('135', '密克罗尼西亚(美)', 'Micronesia', '0', '0', '密克羅尼西亞(美)', '135'), ('136', '中途岛(美)', 'Midway Island', '0', '0', '中途島(美)', '136'), ('137', '摩纳哥', 'Monaco', '0', '0', '摩納哥', '137'), ('138', '蒙古', 'Mongolia', '0', '0', '蒙古', '138'), ('139', '黑山', 'Montenegro', '0', '0', '黑山', '139'), ('140', '蒙特塞拉特岛(英)', 'Montserrat', '0', '0', '蒙特塞拉特島(英)', '140'), ('141', '摩洛哥', 'Morocco', '0', '0', '摩洛哥', '141'), ('142', '莫桑比克', 'Mozambique', '0', '0', '莫桑比克', '142'), ('143', '缅甸', 'Myanmar', '0', '0', '緬甸', '143'), ('144', '纳米比亚', 'Namibia', '0', '0', '納米比亞', '144'), ('145', '瑙鲁', 'Nauru', '0', '0', '瑙魯', '145'), ('146', '尼泊尔', 'Nepal', '0', '0', '尼泊爾', '146'), ('147', '荷兰', 'Netherlands', '0', '0', '荷蘭', '147'), ('148', '荷属安的列斯群岛', 'Netherlands Antilles', '0', '0', '荷屬安的列斯群島', '148'), ('149', '新喀里多尼亚群岛(法)', 'New Caledonia', '0', '0', '新喀裏多尼亞群島(法)', '149'), ('150', '新西兰', 'New Zealand', '0', '0', '新西蘭', '150'), ('151', '尼加拉瓜', 'Nicaragua', '0', '0', '尼加拉瓜', '151'), ('152', '尼日尔', 'Niger', '0', '0', '尼日爾', '152'), ('153', '尼日利亚', 'Nigeria', '0', '0', '尼日利亞', '153'), ('154', '纽埃岛(新)', 'Niue', '0', '0', '紐埃島(新)', '154'), ('155', '诺福克岛(澳)', 'Norfolk Island', '0', '0', '諾福克島(澳)', '155'), ('156', '朝鲜', 'North Korea', '0', '0', '朝鮮', '156'), ('157', '马里亚纳群岛', 'Northern Mariana Islands', '0', '0', '馬裏亞納群島', '157'), ('158', '挪威', 'Norway', '0', '0', '挪威', '158'), ('159', '阿曼', 'Oman', '0', '0', '阿曼', '159'), ('160', '巴基斯坦', 'Pakistan', '0', '0', '巴基斯坦', '160'), ('161', '帕劳(美)', 'Palau', '0', '0', '帕勞(美)', '161'), ('162', '巴拿马', 'Panama', '0', '0', '巴拿馬', '162'), ('163', '巴布亚新几内亚', 'Papua New Guinea', '0', '0', '巴布亞新幾內亞', '163'), ('164', '巴拉圭', 'Paraguay', '0', '0', '巴拉圭', '164'), ('165', '秘鲁', 'Peru', '0', '0', '秘魯', '165'), ('166', '菲律宾', 'Philippines', '0', '0', '菲律賓', '166'), ('167', '波兰', 'Poland', '0', '0', '波蘭', '167'), ('168', '葡萄牙', 'Portugal', '0', '0', '葡萄牙', '168'), ('169', '波多黎各(美)', 'Puerto Rico', '0', '0', '波多黎各(美)', '169'), ('170', '卡塔尔', 'Qatar', '0', '0', '卡塔爾', '170'), ('171', '摩尔多瓦', 'Republic of Moldova', '0', '0', '摩爾多瓦', '171'), ('172', '留尼汪岛', 'Reunion', '0', '0', '留尼汪島', '172'), ('173', '罗马尼亚', 'Romania', '0', '0', '羅馬尼亞', '173'), ('174', '俄罗斯', 'Russian Federation', '0', '0', '俄羅斯', '174'), ('175', '卢旺达', 'Rwanda', '0', '0', '盧旺達', '175'), ('176', '阿森松(英)', 'Saint Helena, Ascension and Tristan da Cunha', '0', '0', '阿森松(英)', '176'), ('177', '圣赫勒拿', 'Saint Helena, Ascension and Tristan da Cunha', '0', '0', '聖赫勒拿', '177'), ('178', '圣克里斯托弗和尼维斯', 'Saint Kitts and Nevis', '0', '0', '聖克裏斯托弗和尼維斯', '178'), ('179', '圣卢西亚', 'Saint Lucia', '0', '0', '聖盧西亞', '179'), ('180', '圣皮埃尔岛及密克隆岛', 'Saint Pierre and Miquelon', '0', '0', '聖皮埃爾島及密克隆島', '180'), ('181', '圣文森特岛(英)', 'Saint Vincent and the Grenadines', '0', '0', '聖文森特島(英)', '181'), ('182', '西萨摩亚', 'Samoa', '0', '0', '西薩摩亞', '182'), ('183', '圣马力诺', 'San Marino', '0', '0', '聖馬力諾', '183'), ('184', '圣多美和普林西比', 'Sao Tome and Principe', '0', '0', '聖多美和普林西比', '184'), ('185', '沙特阿拉伯', 'Saudi Arabia', '0', '0', '沙特阿拉伯', '185'), ('186', '塞内加尔', 'Senegal', '0', '0', '塞內加爾', '186'), ('187', '塞尔维亚', 'Serbia', '0', '0', '塞爾維亞', '187'), ('188', '塞舌尔', 'Seychelles', '0', '0', '塞舌爾', '188'), ('189', '塞拉利昂', 'Sierra Leone', '0', '0', '塞拉利昂', '189'), ('190', '新加坡', 'Singapore', '0', '0', '新加坡', '190'), ('191', '圣马丁(荷)', 'Sint Maarten', '0', '0', '聖馬丁(荷)', '191'), ('192', '斯洛伐克', 'Slovakia', '0', '0', '斯洛伐克', '192'), ('193', '斯洛文尼亚', 'Slovenia', '0', '0', '斯洛文尼亞', '193'), ('194', '所罗门群岛', 'Solomon Islands', '0', '0', '所羅門群島', '194'), ('195', '索马里', 'Somalia', '0', '0', '索馬裏', '195'), ('196', '南非', 'South Africa', '0', '0', '南非', '196'), ('197', '南乔治亚与南桑威奇群岛', 'South Georgia and The South Sandwich Islands', '0', '0', '南喬治亞與南桑威奇群島', '197'), ('198', '韩国', 'South korea', '0', '0', '韓國', '198'), ('199', '西班牙', 'Spain', '0', '0', '西班牙', '199'), ('200', '斯里兰卡', 'Sri Lanka', '0', '0', '斯裏蘭卡', '200'), ('201', '苏丹', 'Sudan', '0', '0', '蘇丹', '201'), ('202', '苏里南', 'Suriname', '0', '0', '蘇裏南', '202'), ('203', '斯瓦尔巴群岛(挪)', 'Svalbard and Jan Mayen', '0', '0', '斯瓦爾巴群島(挪)', '203'), ('204', '斯威士兰', 'Swaziland', '0', '0', '斯威士蘭', '204'), ('205', '瑞典', 'Sweden', '0', '0', '瑞典', '205'), ('206', '瑞士', 'Switzerland', '0', '0', '瑞士', '206'), ('207', '叙利亚', 'Syria', '0', '0', '敘利亞', '207'), ('208', '塔吉克斯坦', 'Tajikistan', '0', '0', '塔吉克斯坦', '208'), ('209', '泰国', 'Thailand', '0', '0', '泰國', '209'), ('210', '巴哈马国', 'The Commonwealth of The Bahamas', '0', '0', '巴哈馬國', '210'), ('211', '梵蒂冈', 'The Vatican City State', '0', '0', '梵蒂岡', '211'), ('212', '东帝汶', 'Timor-leste', '0', '0', '東帝汶', '212'), ('213', '多哥', 'Togo', '0', '0', '多哥', '213'), ('214', '托克劳群岛(新)', 'Tokelau', '0', '0', '托克勞群島(新)', '214'), ('215', '汤加', 'Tonga', '0', '0', '湯加', '215'), ('216', '特立尼达和多巴哥', 'Trinidad and Tobago', '0', '0', '特立尼達和多巴哥', '216'), ('217', '突尼斯', 'Tunisia', '0', '0', '突尼斯', '217'), ('218', '土耳其', 'Turkey', '0', '0', '土耳其', '218'), ('219', '土库曼斯坦', 'Turkmenistan', '0', '0', '土庫曼斯坦', '219'), ('220', '特克斯和凯科斯群岛(英)', 'Turks and Caicos Islands', '0', '0', '特克斯和凱科斯群島(英)', '220'), ('221', '图瓦卢', 'Tuvalu', '0', '0', '圖瓦盧', '221'), ('222', '乌干达', 'Uganda', '0', '0', '烏幹達', '222'), ('223', '乌克兰', 'Ukraine', '0', '0', '烏克蘭', '223'), ('224', '阿拉伯联合酋长国', 'United Arab Emirates', '0', '0', '阿拉伯聯合酋長國', '224'), ('225', '英国', 'United Kingdom', '0', '0', '英國', '225'), ('226', '坦桑尼亚', 'United Republic of Tanzania', '0', '0', '坦桑尼亞', '226'), ('227', '美国本土外小岛屿', 'United States Minor Outlying Islands', '0', '0', '美國本土外小島嶼', '227'), ('228', '美国', 'United States of America', '0', '0', '美國', '228'), ('229', '乌拉圭', 'Uruguay', '0', '0', '烏拉圭', '229'), ('230', '乌兹别克斯坦', 'Uzbekistan', '0', '0', '烏茲別克斯坦', '230'), ('231', '瓦努阿图', 'Vanuatu', '0', '0', '瓦努阿圖', '231'), ('232', '委内瑞拉', 'Venezuela', '0', '0', '委內瑞拉', '232'), ('233', '越南', 'Vietnam', '0', '0', '越南', '233'), ('234', '维尔京群岛(英)', 'Virgin Islands, British', '0', '0', '維爾京群島(英)', '234'), ('235', '维尔京群岛(美)', 'Virgin Islands, U.S.', '0', '0', '維爾京群島(美)', '235'), ('236', '瓦里斯和富士那群岛(法)', 'Wallis And Futuna', '0', '0', '瓦裏斯和富士那群島(法)', '236'), ('237', '西撒哈拉', 'Western sahara', '0', '0', '西撒哈拉', '237'), ('238', '也门', 'Yemen', '0', '0', '也門', '238'), ('239', '南斯拉夫', 'Yugoslavia', '0', '0', '南斯拉夫', '239'), ('240', '赞比亚', 'Zambia', '0', '0', '贊比亞', '240'), ('241', '桑给巴尔', 'Zanzibar', '0', '0', '桑給巴爾', '241'), ('242', '津巴布韦', 'Zimbabwe', '0', '0', '津巴布韋', '242'), ('243', '文莱', 'Brunei Darussalam', '0', '0', '文萊', '243'), ('244', '尼维斯岛', 'Saint Kitts and Nevis', '0', '0', '尼維斯島', '244'), ('245', '南苏丹', 'South Sudan', '0', '0', '南蘇丹', '245'), ('1000', '槟榔屿', 'Pulau Pinang', '125', '0', '檳榔嶼', '1000'), ('1001', '北海', 'Butterworth', '1000', '0', '北海', '1001'), ('1002', '槟城', 'Penang', '1000', '0', '檳城', '1002'), ('1003', '玻璃市', 'Perlis', '125', '0', '玻璃市', '1003'), ('1004', '大山脚', 'Bkt. Mertajam', '1000', '0', '大山腳', '1004'), ('1005', '高渊', 'Nibong Tebal', '1000', '0', '高淵', '1005'), ('1006', '加央', 'Kangar', '1003', '0', '加央', '1006'), ('1007', '丁加奴', 'Terengganu', '125', '0', '丁加奴', '1007'), ('1008', '甘马挽', 'Kemaman', '1007', '0', '甘馬挽', '1008'), ('1009', '瓜拉丁加奴', 'Kuala Terengganu', '1007', '0', '瓜拉丁加奴', '1009'), ('1010', '龙运', 'Dungun', '1007', '0', '龍運', '1010'), ('1011', '马江', 'Marang', '1007', '0', '馬江', '1011'), ('1012', '实兆', 'Siteu', '1007', '0', '實兆', '1012'), ('1013', '乌鲁', 'Ulu Terengganu', '1007', '0', '烏魯', '1013'), ('1014', '勿述', 'Besut', '1007', '0', '勿述', '1014'), ('1015', '吉打', 'Kedah', '125', '0', '吉打', '1015'), ('1016', '巴东得腊', 'Padang Terap', '1015', '0', '巴東得臘', '1016'), ('1017', '笨筒', 'Pendang', '1015', '0', '笨筒', '1017'), ('1018', '浮罗交怡', 'Langkawi', '1015', '0', '浮羅交怡', '1018'), ('1019', '哥打士打', 'Kota Setar', '1015', '0', '哥打士打', '1019'), ('1020', '古邦巴素', 'Kubang Pasu', '1015', '0', '古邦巴素', '1020'), ('1021', '瓜拉姆达', 'Kuala Muda', '1015', '0', '瓜拉姆達', '1021'), ('1022', '华玲', 'Baling', '1015', '0', '華玲', '1022'), ('1023', '居林', 'Kulim', '1015', '0', '居林', '1023'), ('1024', '万拉峇鲁', 'Bandar Baharu', '1015', '0', '萬拉峇魯', '1024'), ('1025', '吉兰丹', 'Kelantan', '125', '0', '吉蘭丹', '1025'), ('1026', '巴西富地', 'Pasir Putih', '1025', '0', '巴西富地', '1026'), ('1027', '巴西马', 'Pasir Mas', '1025', '0', '巴西馬', '1027'), ('1028', '丹那美拉', 'Tanah Merah', '1025', '0', '丹那美拉', '1028'), ('1029', '道北', 'Tumpat', '1025', '0', '道北', '1029'), ('1030', '登卓', 'Bachok', '1025', '0', '登卓', '1030'), ('1031', '哥打巴鲁', 'Kota Baharu', '1025', '0', '哥打巴魯', '1031'), ('1032', '瓜拉吉赖', 'Kuala Krai', '1025', '0', '瓜拉吉賴', '1032'), ('1033', '话望生', 'Gua Musang', '1025', '0', '話望生', '1033'), ('1034', '马樟', 'Machang', '1025', '0', '馬樟', '1034'), ('1035', '日里', 'Jeli', '1025', '0', '日裏', '1035'), ('1036', '吉隆坡', 'Kuala Lumpur', '125', '0', '吉隆坡', '1036'), ('1037', '吉隆坡', 'Kuala Lumpur', '1036', '0', '吉隆坡', '1037'), ('1038', '马六甲', 'Melaka', '125', '0', '馬六甲', '1038'), ('1039', '马六甲市', 'Melaka', '1038', '0', '馬六甲市', '1039'), ('1040', '亚罗牙也', 'Alor Gajah', '1038', '0', '亞羅牙也', '1040'), ('1041', '野新', 'Jasin', '1038', '0', '野新', '1041'), ('1042', '纳闽', 'Labuan', '125', '0', '納閩', '1042'), ('1043', '纳闽', 'Labuan', '1042', '0', '納閩', '1043'), ('1044', '维多利亚', 'Victoria', '1042', '0', '維多利亞', '1044'), ('1045', '彭亨', 'Pahang', '125', '0', '彭亨', '1045'), ('1046', '百乐', 'Bera', '1045', '0', '百樂', '1046'), ('1047', '北根', 'Pekan', '1045', '0', '北根', '1047'), ('1048', '淡马鲁', 'Temerloh', '1045', '0', '淡馬魯', '1048'), ('1049', '而连突', 'Jerantut', '1045', '0', '而連突', '1049'), ('1050', '关丹', 'Kuantan', '1045', '0', '關丹', '1050'), ('1051', '金马仑高原', 'Cameron Highlands', '1045', '0', '金馬侖高原', '1051'), ('1052', '劳勿', 'Raub', '1045', '0', '勞勿', '1052'), ('1053', '立卑', 'Lipis', '1045', '0', '立卑', '1053'), ('1054', '马兰', 'Maran', '1045', '0', '馬蘭', '1054'), ('1055', '文冬', 'Bentong', '1045', '0', '文冬', '1055'), ('1056', '云冰', 'Rompin', '1045', '0', '雲冰', '1056'), ('1057', '霹雳', 'Perak', '125', '0', '霹靂', '1057'), ('1058', '安顺', 'Telok Anson', '1057', '0', '安順', '1058'), ('1059', '丹绒马林', 'Tanjung Malim', '1057', '0', '丹絨馬林', '1059'), ('1060', '和丰', 'Sungai Siput', '1057', '0', '和豐', '1060'), ('1061', '紅土坎', 'Lumut', '1057', '0', '紅土坎', '1061'), ('1062', '华都牙也', 'Batu Gajah', '1057', '0', '華都牙也', '1062'), ('1063', '江沙', 'Kuala Kangsar', '1057', '0', '江沙', '1063'), ('1064', '太平', 'Taiping', '1057', '0', '太平', '1064'), ('1065', '怡保', 'Ipoh', '1057', '0', '怡保', '1065'), ('1066', '柔佛', 'Johor', '125', '0', '柔佛', '1066'), ('1067', '笨珍', 'Pontian', '1066', '0', '笨珍', '1067'), ('1068', '丰盛港', 'Mersing', '1066', '0', '豐盛港', '1068'), ('1069', '哥打丁宜', 'Kota Tinggi', '1066', '0', '哥打丁宜', '1069'), ('1070', '居銮', 'Keluang', '1066', '0', '居鑾', '1070'), ('1071', '峇株巴辖', 'Batu Pahat', '1066', '0', '峇株巴轄', '1071'), ('1072', '麻坡', 'Muar', '1066', '0', '麻坡', '1072'), ('1073', '昔加末', 'Segamat', '1066', '0', '昔加末', '1073'), ('1074', '新山', 'Johor Baharu', '1066', '0', '新山', '1074'), ('1075', '森美兰', 'Sembilan', '125', '0', '森美蘭', '1075'), ('1076', '波德申', 'Port Dickson', '1075', '0', '波德申', '1076'), ('1077', '淡边', 'Tampin', '1075', '0', '淡邊', '1077'), ('1078', '芙蓉', 'Seremban', '1075', '0', '芙蓉', '1078'), ('1079', '瓜拉庇劳', 'Kuala Pilah', '1075', '0', '瓜拉庇勞', '1079'), ('1080', '林茂', 'Rembau', '1075', '0', '林茂', '1080'), ('1081', '仁保', 'Jempol', '1075', '0', '仁保', '1081'), ('1082', '日叻务', 'Jelebu', '1075', '0', '日叻務', '1082'), ('1083', '沙巴', 'Sabah', '125', '0', '沙巴', '1083'), ('1084', '吧巴', 'Papar', '1083', '0', '吧巴', '1084'), ('1085', '保佛', 'Beaufort', '1083', '0', '保佛', '1085'), ('1086', '比鲁兰', 'Beluran', '1083', '0', '比魯蘭', '1086'), ('1087', '必达士', 'Pitas', '1083', '0', '必達士', '1087'), ('1088', '兵南邦', 'Penampang', '1083', '0', '兵南邦', '1088'), ('1089', '担布南', 'Tambunan', '1083', '0', '擔布南', '1089'), ('1090', '丹南', 'Tenom', '1083', '0', '丹南', '1090'), ('1091', '斗湖', 'Tawau', '1083', '0', '鬥湖', '1091'), ('1092', '斗亚兰', 'Tuaran', '1083', '0', '鬥亞蘭', '1092'), ('1093', '哥打基纳巴鲁', 'Kota Kinabalu', '1083', '0', '哥打基納巴魯', '1093'), ('1094', '哥打马鲁都', 'Kota Marudu', '1083', '0', '哥打馬魯都', '1094'), ('1095', '根地咬', 'Keningau', '1083', '0', '根地咬', '1095'), ('1096', '古达', 'Kudat', '1083', '0', '古達', '1096'), ('1097', '古打毛律', 'Kota Belud', '1083', '0', '古打毛律', '1097'), ('1098', '古纳', 'Kunak', '1083', '0', '古納', '1098'), ('1099', '瓜拉班尤', 'Kuala Penyu', '1083', '0', '瓜拉班尤', '1099'), ('1100', '京那巴登岸', 'Kinabatangan', '1083', '0', '京那巴登岸', '1100'), ('1101', '兰脑', 'Ranau', '1083', '0', '蘭腦', '1101'), ('1102', '拿笃', 'Lahad Datu', '1083', '0', '拿篤', '1102'), ('1103', '纳巴湾', 'Nabawan', '1083', '0', '納巴灣', '1103'), ('1104', '山打根', 'Sandakan', '1083', '0', '山打根', '1104'), ('1105', '西比陶', 'Sipitang', '1083', '0', '西比陶', '1105'), ('1106', '仙本那', 'Semporna', '1083', '0', '仙本那', '1106'), ('1107', '沙捞越', 'Sarawak', '125', '0', '沙撈越', '1107'), ('1108', '古晋', 'Kuching', '1107', '0', '古晉', '1108'), ('1109', '加帛', 'Kapit', '1107', '0', '加帛', '1109'), ('1110', '林梦', 'Limbang', '1107', '0', '林夢', '1110'), ('1111', '美里', 'Miri', '1107', '0', '美裏', '1111'), ('1112', '民都鲁', 'Bintulu', '1107', '0', '民都魯', '1112'), ('1113', '木胶', 'Mukah', '1107', '0', '木膠', '1113'), ('1114', '木中', 'Betong', '1107', '0', '木中', '1114'), ('1115', '三马拉汉', 'Samarahan', '1107', '0', '三馬拉漢', '1115'), ('1116', '斯里阿曼', 'Sri Aman', '1107', '0', '斯裏阿曼', '1116'), ('1117', '泗里街', 'Sarikei', '1107', '0', '泗裏街', '1117'), ('1118', '泗务', 'Sibu', '1107', '0', '泗務', '1118'), ('1119', '雪兰莪', 'Selangor', '125', '0', '雪蘭莪', '1119'), ('1120', '八打灵', 'Petaling', '1119', '0', '八打靈', '1120'), ('1121', '鹅麦', 'Gombak', '1119', '0', '鵝麥', '1121'), ('1122', '瓜拉冷岳', 'Kuala Langat', '1119', '0', '瓜拉冷嶽', '1122'), ('1123', '瓜拉雪兰莪', 'Kuala Selangor', '1119', '0', '瓜拉雪蘭莪', '1123'), ('1124', '沙白安南', 'Sabak Bernam', '1119', '0', '沙白安南', '1124'), ('1125', '乌鲁冷岳', 'Ulu Langat', '1119', '0', '烏魯冷嶽', '1125'), ('1126', '乌鲁雪兰莪', 'Ulu Selangor', '1119', '0', '烏魯雪蘭莪', '1126'), ('1127', '雪邦', 'Sepang', '1119', '0', '雪邦', '1127'), ('1220', '达拉', 'Dalat', '1107', '0', '達拉', '1220'), ('1221', '马都', 'Matu', '1107', '0', '馬都', '1221'), ('1222', '桑坡', 'Song', '1107', '0', '桑坡', '1222'), ('1223', '如楼', 'Julau', '1107', '0', '如樓', '1223'), ('1224', '达岛', 'Tatau', '1107', '0', '達島', '1224'), ('1225', '实兰沟', 'Selangau', '1107', '0', '實蘭溝', '1225'), ('1226', '马鲁迪', 'Marudi', '1107', '0', '馬魯迪', '1226'), ('1227', '伦乐', 'Lundu', '1107', '0', '倫樂', '1227'), ('1228', '老越', 'Lawas', '1107', '0', '老越', '1228'), ('1229', '西连', 'Serian', '1107', '0', '西連', '1229'), ('1230', '阿沙再也', 'Asajaya', '1107', '0', '阿沙再也', '1230'), ('1231', '马拉东', 'Meradong', '1107', '0', '馬拉東', '1231'), ('1232', '砂拉卓', 'Saratok', '1107', '0', '砂拉卓', '1232'), ('1233', '实文然', 'Simunjan', '1107', '0', '實文然', '1233'), ('1234', '布拉加', 'Belaga', '1107', '0', '布拉加', '1234'), ('1235', '巴干', 'Pakan', '1107', '0', '巴幹', '1235'), ('1236', '拉老', 'Daro', '1107', '0', '拉老', '1236'), ('1237', '鲁勃安都', 'Lubok Antu', '1107', '0', '魯勃安都', '1237'), ('1238', '加拿逸', 'Kanowit', '1107', '0', '加拿逸', '1238'), ('1239', '石隆门', 'Bau', '1107', '0', '石隆門', '1239'), ('1240', '巴生', 'Klang', '1119', '0', '巴生', '1240'), ('1241', '礼让', 'Ledang', '1066', '0', '禮讓', '1241'), ('1242', '古来再也', 'Kulaijaya', '1066', '0', '古來再也', '1242'), ('1243', '铅埠', 'Yan', '1015', '0', '鉛埠', '1243'), ('1244', '波各先那', 'Pokok Sena', '1015', '0', '波各先那', '1244'), ('1245', '锡', 'Sik', '1015', '0', '錫', '1245'), ('1246', '哥登峇鲁', 'Kota Bharu', '1025', '0', '哥登峇魯', '1246'), ('1247', '金宝', 'Kampar', '1057', '0', '金寶', '1247'), ('1248', '马登峇当', 'Batang Padang', '1057', '0', '馬登峇當', '1248'), ('1249', '近打', 'Kinta', '1057', '0', '近打', '1249'), ('1250', '中霹雳', 'Perak Tengah', '1057', '0', '中霹靂', '1250'), ('1251', '曼戎', 'Manjung', '1057', '0', '曼戎', '1251'), ('1252', '拉律-马当', 'Larut & Matang', '1057', '0', '拉律-馬當', '1252'), ('1253', '上霹雳', 'Ulu Perak', '1057', '0', '上霹靂', '1253'), ('1254', '吉辇', 'Kerian', '1057', '0', '吉輦', '1254'), ('1255', '下霹雳', 'Hilir Perak', '1057', '0', '下霹靂', '1255'), ('1256', '东北', 'Timur Laut', '1000', '0', '東北', '1256'), ('1257', '西南', 'Barat Daya', '1000', '0', '西南', '1257'), ('1258', '必打丹', 'Putatan', '1083', '0', '必打丹', '1258'), ('1259', '丹革', 'Tongod', '1083', '0', '丹革', '1259'), ('110000', '北京', '', '1', '0', '北京', '110000'), ('110100', '北京', '', '110000', '0', '北京', '110100'), ('110101', '东城', '', '110100', '0', '東城', '110101'), ('110102', '西城', '', '110100', '0', '西城', '110102'), ('110105', '朝阳', '', '110100', '0', '朝陽', '110105'), ('110106', '丰台', '', '110100', '0', '豐臺', '110106'), ('110107', '石景山', '', '110100', '0', '石景山', '110107'), ('110108', '海淀', '', '110100', '0', '海澱', '110108'), ('110109', '门头沟', '', '110100', '0', '門頭溝', '110109'), ('110111', '房山', '', '110100', '0', '房山', '110111'), ('110112', '通州', '', '110100', '0', '通州', '110112'), ('110113', '顺义', '', '110100', '0', '順義', '110113'), ('110114', '昌平', '', '110100', '0', '昌平', '110114'), ('110115', '大兴', '', '110100', '0', '大興', '110115'), ('110116', '怀柔', '', '110100', '0', '懷柔', '110116'), ('110117', '平谷', '', '110100', '0', '平穀', '110117'), ('110228', '密云', '', '110100', '0', '密雲', '110228'), ('110229', '延庆', '', '110100', '0', '延慶', '110229'), ('120000', '天津', '', '1', '0', '天津', '120000'), ('120100', '天津', '', '120000', '0', '天津', '120100'), ('120101', '和平', '', '120100', '0', '和平', '120101'), ('120102', '河东', '', '120100', '0', '河東', '120102'), ('120103', '河西', '', '120100', '0', '河西', '120103'), ('120104', '南开', '', '120100', '0', '南開', '120104'), ('120105', '河北', '', '120100', '0', '河北', '120105'), ('120106', '红桥', '', '120100', '0', '紅橋', '120106'), ('120110', '东丽', '', '120100', '0', '東麗', '120110'), ('120111', '西青', '', '120100', '0', '西青', '120111'), ('120112', '津南', '', '120100', '0', '津南', '120112'), ('120113', '北辰', '', '120100', '0', '北辰', '120113'), ('120114', '武清', '', '120100', '0', '武清', '120114'), ('120115', '宝坻', '', '120100', '0', '寶坻', '120115'), ('120116', '滨海', '', '120100', '0', '濱海', '120116'), ('120221', '宁河', '', '120100', '0', '寧河', '120221'), ('120223', '静海', '', '120100', '0', '靜海', '120223'), ('120225', '蓟县', '', '120100', '0', '薊縣', '120225'), ('130000', '河北', '', '1', '0', '河北', '130000'), ('130100', '石家庄', '', '130000', '0', '石家莊', '130100'), ('130102', '长安', '', '130100', '0', '長安', '130102'), ('130103', '桥东', '', '130100', '0', '橋東', '130103'), ('130104', '桥西', '', '130100', '0', '橋西', '130104'), ('130105', '新华', '', '130100', '0', '新華', '130105'), ('130107', '井陉矿', '', '130100', '0', '井陘礦', '130107'), ('130108', '裕华', '', '130100', '0', '裕華', '130108'), ('130121', '井陉', '', '130100', '0', '井陘', '130121'), ('130123', '正定', '', '130100', '0', '正定', '130123'), ('130124', '栾城', '', '130100', '0', '欒城', '130124'), ('130125', '行唐', '', '130100', '0', '行唐', '130125'), ('130126', '灵寿', '', '130100', '0', '靈壽', '130126'), ('130127', '高邑', '', '130100', '0', '高邑', '130127'), ('130128', '深泽', '', '130100', '0', '深澤', '130128'), ('130129', '赞皇', '', '130100', '0', '贊皇', '130129'), ('130130', '无极', '', '130100', '0', '無極', '130130'), ('130131', '平山', '', '130100', '0', '平山', '130131'), ('130132', '元氏', '', '130100', '0', '元氏', '130132'), ('130133', '赵县', '', '130100', '0', '趙縣', '130133'), ('130181', '辛集', '', '130100', '0', '辛集', '130181'), ('130182', '藁城', '', '130100', '0', '槁城', '130182'), ('130183', '晋州', '', '130100', '0', '晉州', '130183'), ('130184', '新乐', '', '130100', '0', '新樂', '130184'), ('130185', '鹿泉', '', '130100', '0', '鹿泉', '130185'), ('130200', '唐山', '', '130000', '0', '唐山', '130200'), ('130202', '路南', '', '130200', '0', '路南', '130202'), ('130203', '路北', '', '130200', '0', '路北', '130203'), ('130204', '古冶', '', '130200', '0', '古冶', '130204'), ('130205', '开平', '', '130200', '0', '開平', '130205'), ('130207', '丰南', '', '130200', '0', '豐南', '130207'), ('130208', '丰润', '', '130200', '0', '豐潤', '130208'), ('130223', '滦县', '', '130200', '0', '灤縣', '130223'), ('130224', '滦南', '', '130200', '0', '灤南', '130224'), ('130225', '乐亭', '', '130200', '0', '樂亭', '130225'), ('130227', '迁西', '', '130200', '0', '遷西', '130227'), ('130229', '玉田', '', '130200', '0', '玉田', '130229'), ('130230', '曹妃甸', '', '130200', '0', '曹妃甸', '130230'), ('130281', '遵化', '', '130200', '0', '遵化', '130281'), ('130283', '迁安', '', '130200', '0', '遷安', '130283'), ('130300', '秦皇岛', '', '130000', '0', '秦皇島', '130300'), ('130302', '海港', '', '130300', '0', '海港', '130302'), ('130303', '山海关', '', '130300', '0', '山海關', '130303'), ('130304', '北戴河', '', '130300', '0', '北戴河', '130304'), ('130321', '青龙', '', '130300', '0', '青龍', '130321'), ('130322', '昌黎', '', '130300', '0', '昌黎', '130322'), ('130323', '抚宁', '', '130300', '0', '撫寧', '130323'), ('130324', '卢龙', '', '130300', '0', '盧龍', '130324'), ('130400', '邯郸', '', '130000', '0', '邯鄲', '130400'), ('130402', '邯山', '', '130400', '0', '邯山', '130402'), ('130403', '丛台', '', '130400', '0', '叢臺', '130403'), ('130404', '复兴', '', '130400', '0', '複興', '130404'), ('130406', '峰峰矿', '', '130400', '0', '峰峰礦', '130406'), ('130421', '邯郸', '', '130400', '0', '邯鄲', '130421'), ('130423', '临漳', '', '130400', '0', '臨漳', '130423'), ('130424', '成安', '', '130400', '0', '成安', '130424'), ('130425', '大名', '', '130400', '0', '大名', '130425'), ('130426', '涉县', '', '130400', '0', '涉縣', '130426'), ('130427', '磁县', '', '130400', '0', '磁縣', '130427'), ('130428', '肥乡', '', '130400', '0', '肥鄉', '130428'), ('130429', '永年', '', '130400', '0', '永年', '130429'), ('130430', '邱县', '', '130400', '0', '邱縣', '130430'), ('130431', '鸡泽', '', '130400', '0', '雞澤', '130431'), ('130432', '广平', '', '130400', '0', '廣平', '130432'), ('130433', '馆陶', '', '130400', '0', '館陶', '130433'), ('130434', '魏县', '', '130400', '0', '魏縣', '130434'), ('130435', '曲周', '', '130400', '0', '曲周', '130435'), ('130481', '武安', '', '130400', '0', '武安', '130481'), ('130500', '邢台', '', '130000', '0', '邢臺', '130500'), ('130502', '桥东', '', '130500', '0', '橋東', '130502'), ('130503', '桥西', '', '130500', '0', '橋西', '130503'), ('130521', '邢台', '', '130500', '0', '邢臺', '130521'), ('130522', '临城', '', '130500', '0', '臨城', '130522'), ('130523', '内丘', '', '130500', '0', '內丘', '130523'), ('130524', '柏乡', '', '130500', '0', '柏鄉', '130524'), ('130525', '隆尧', '', '130500', '0', '隆堯', '130525'), ('130526', '任县', '', '130500', '0', '任縣', '130526'), ('130527', '南和', '', '130500', '0', '南和', '130527'), ('130528', '宁晋', '', '130500', '0', '寧晉', '130528'), ('130529', '巨鹿', '', '130500', '0', '巨鹿', '130529'), ('130530', '新河', '', '130500', '0', '新河', '130530'), ('130531', '广宗', '', '130500', '0', '廣宗', '130531'), ('130532', '平乡', '', '130500', '0', '平鄉', '130532'), ('130533', '威县', '', '130500', '0', '威縣', '130533'), ('130534', '清河', '', '130500', '0', '清河', '130534'), ('130535', '临西', '', '130500', '0', '臨西', '130535'), ('130581', '南宫', '', '130500', '0', '南宮', '130581'), ('130582', '沙河', '', '130500', '0', '沙河', '130582'), ('130600', '保定', '', '130000', '0', '保定', '130600'), ('130602', '新市', '', '130600', '0', '新市', '130602'), ('130603', '北市', '', '130600', '0', '北市', '130603'), ('130604', '南市', '', '130600', '0', '南市', '130604'), ('130621', '满城', '', '130600', '0', '滿城', '130621'), ('130622', '清苑', '', '130600', '0', '清苑', '130622'), ('130623', '涞水', '', '130600', '0', '淶水', '130623'), ('130624', '阜平', '', '130600', '0', '阜平', '130624'), ('130625', '徐水', '', '130600', '0', '徐水', '130625'), ('130626', '定兴', '', '130600', '0', '定興', '130626'), ('130627', '唐县', '', '130600', '0', '唐縣', '130627'), ('130628', '高阳', '', '130600', '0', '高陽', '130628'), ('130629', '容城', '', '130600', '0', '容城', '130629'), ('130630', '涞源', '', '130600', '0', '淶源', '130630'), ('130631', '望都', '', '130600', '0', '望都', '130631'), ('130632', '安新', '', '130600', '0', '安新', '130632'), ('130633', '易县', '', '130600', '0', '易縣', '130633'), ('130634', '曲阳', '', '130600', '0', '曲陽', '130634'), ('130635', '蠡县', '', '130600', '0', '蠡縣', '130635'), ('130636', '顺平', '', '130600', '0', '順平', '130636'), ('130637', '博野', '', '130600', '0', '博野', '130637'), ('130638', '雄县', '', '130600', '0', '雄縣', '130638'), ('130681', '涿州', '', '130600', '0', '涿州', '130681'), ('130682', '定州', '', '130600', '0', '定州', '130682'), ('130683', '安国', '', '130600', '0', '安國', '130683'), ('130684', '高碑店', '', '130600', '0', '高碑店', '130684'), ('130700', '张家口', '', '130000', '0', '張家口', '130700'), ('130702', '桥东', '', '130700', '0', '橋東', '130702'), ('130703', '桥西', '', '130700', '0', '橋西', '130703'), ('130705', '宣化区', '', '130700', '0', '宣化區', '130705'), ('130706', '下花园', '', '130700', '0', '下花園', '130706'), ('130721', '宣化县', '', '130700', '0', '宣化縣', '130721'), ('130722', '张北', '', '130700', '0', '張北', '130722'), ('130723', '康保', '', '130700', '0', '康保', '130723'), ('130724', '沽源', '', '130700', '0', '沽源', '130724'), ('130725', '尚义', '', '130700', '0', '尚義', '130725'), ('130726', '蔚县', '', '130700', '0', '蔚縣', '130726'), ('130727', '阳原', '', '130700', '0', '陽原', '130727'), ('130728', '怀安', '', '130700', '0', '懷安', '130728'), ('130729', '万全', '', '130700', '0', '萬全', '130729'), ('130730', '怀来', '', '130700', '0', '懷來', '130730'), ('130731', '涿鹿', '', '130700', '0', '涿鹿', '130731'), ('130732', '赤城', '', '130700', '0', '赤城', '130732'), ('130733', '崇礼', '', '130700', '0', '崇禮', '130733'), ('130800', '承德', '', '130000', '0', '承德', '130800'), ('130802', '双桥', '', '130800', '0', '雙橋', '130802'), ('130803', '双滦', '', '130800', '0', '雙灤', '130803'), ('130804', '鹰手营子矿', '', '130800', '0', '鷹手營子礦', '130804'), ('130821', '承德', '', '130800', '0', '承德', '130821'), ('130822', '兴隆', '', '130800', '0', '興隆', '130822'), ('130823', '平泉', '', '130800', '0', '平泉', '130823'), ('130824', '滦平', '', '130800', '0', '灤平', '130824'), ('130825', '隆化', '', '130800', '0', '隆化', '130825'), ('130826', '丰宁', '', '130800', '0', '豐寧', '130826'), ('130827', '宽城', '', '130800', '0', '寬城', '130827'), ('130828', '围场', '', '130800', '0', '圍場', '130828'), ('130900', '沧州', '', '130000', '0', '滄州', '130900'), ('130902', '新华', '', '130900', '0', '新華', '130902'), ('130903', '运河', '', '130900', '0', '運河', '130903'), ('130921', '沧县', '', '130900', '0', '滄縣', '130921'), ('130922', '青县', '', '130900', '0', '青縣', '130922'), ('130923', '东光', '', '130900', '0', '東光', '130923'), ('130924', '海兴', '', '130900', '0', '海興', '130924'), ('130925', '盐山', '', '130900', '0', '鹽山', '130925'), ('130926', '肃宁', '', '130900', '0', '肅寧', '130926'), ('130927', '南皮', '', '130900', '0', '南皮', '130927'), ('130928', '吴桥', '', '130900', '0', '吳橋', '130928'), ('130929', '献县', '', '130900', '0', '獻縣', '130929'), ('130930', '孟村', '', '130900', '0', '孟村', '130930'), ('130981', '泊头', '', '130900', '0', '泊頭', '130981'), ('130982', '任丘', '', '130900', '0', '任丘', '130982'), ('130983', '黄骅', '', '130900', '0', '黃驊', '130983'), ('130984', '河间', '', '130900', '0', '河間', '130984'), ('131000', '廊坊', '', '130000', '0', '廊坊', '131000'), ('131002', '安次', '', '131000', '0', '安次', '131002'), ('131003', '广阳', '', '131000', '0', '廣陽', '131003'), ('131022', '固安', '', '131000', '0', '固安', '131022'), ('131023', '永清', '', '131000', '0', '永清', '131023'), ('131024', '香河', '', '131000', '0', '香河', '131024'), ('131025', '大城', '', '131000', '0', '大城', '131025'), ('131026', '文安', '', '131000', '0', '文安', '131026'), ('131028', '大厂', '', '131000', '0', '大廠', '131028'), ('131081', '霸州', '', '131000', '0', '霸州', '131081'), ('131082', '三河', '', '131000', '0', '三河', '131082'), ('131100', '衡水', '', '130000', '0', '衡水', '131100'), ('131102', '桃城', '', '131100', '0', '桃城', '131102'), ('131121', '枣强', '', '131100', '0', '棗強', '131121'), ('131122', '武邑', '', '131100', '0', '武邑', '131122'), ('131123', '武强', '', '131100', '0', '武強', '131123'), ('131124', '饶阳', '', '131100', '0', '饒陽', '131124'), ('131125', '安平', '', '131100', '0', '安平', '131125'), ('131126', '故城', '', '131100', '0', '故城', '131126'), ('131127', '景县', '', '131100', '0', '景縣', '131127'), ('131128', '阜城', '', '131100', '0', '阜城', '131128'), ('131181', '冀州', '', '131100', '0', '冀州', '131181'), ('131182', '深州', '', '131100', '0', '深州', '131182'), ('140000', '山西', '', '1', '0', '山西', '140000'), ('140100', '太原', '', '140000', '0', '太原', '140100'), ('140105', '小店', '', '140100', '0', '小店', '140105'), ('140106', '迎泽', '', '140100', '0', '迎澤', '140106'), ('140107', '杏花岭', '', '140100', '0', '杏花嶺', '140107'), ('140108', '尖草坪', '', '140100', '0', '尖草坪', '140108'), ('140109', '万柏林', '', '140100', '0', '萬柏林', '140109'), ('140110', '晋源', '', '140100', '0', '晉源', '140110'), ('140121', '清徐', '', '140100', '0', '清徐', '140121'), ('140122', '阳曲', '', '140100', '0', '陽曲', '140122'), ('140123', '娄烦', '', '140100', '0', '婁煩', '140123'), ('140181', '古交', '', '140100', '0', '古交', '140181'), ('140200', '大同', '', '140000', '0', '大同', '140200'), ('140202', '城区', '', '140200', '0', '城區', '140202'), ('140203', '矿区', '', '140200', '0', '礦區', '140203'), ('140211', '南郊', '', '140200', '0', '南郊', '140211'), ('140212', '新荣', '', '140200', '0', '新榮', '140212'), ('140221', '阳高', '', '140200', '0', '陽高', '140221'), ('140222', '天镇', '', '140200', '0', '天鎮', '140222'), ('140223', '广灵', '', '140200', '0', '廣靈', '140223'), ('140224', '灵丘', '', '140200', '0', '靈丘', '140224'), ('140225', '浑源', '', '140200', '0', '渾源', '140225'), ('140226', '左云', '', '140200', '0', '左雲', '140226'), ('140227', '大同', '', '140200', '0', '大同', '140227'), ('140300', '阳泉', '', '140000', '0', '陽泉', '140300'), ('140302', '城区', '', '140300', '0', '城區', '140302'), ('140303', '矿区', '', '140300', '0', '礦區', '140303'), ('140311', '郊区', '', '140300', '0', '郊區', '140311'), ('140321', '平定', '', '140300', '0', '平定', '140321'), ('140322', '盂县', '', '140300', '0', '盂縣', '140322'), ('140400', '长治', '', '140000', '0', '長治', '140400'), ('140421', '长治', '', '140400', '0', '長治', '140421'), ('140423', '襄垣', '', '140400', '0', '襄垣', '140423'), ('140424', '屯留', '', '140400', '0', '屯留', '140424'), ('140425', '平顺', '', '140400', '0', '平順', '140425'), ('140426', '黎城', '', '140400', '0', '黎城', '140426'), ('140427', '壶关', '', '140400', '0', '壺關', '140427'), ('140428', '长子', '', '140400', '0', '長子', '140428'), ('140429', '武乡', '', '140400', '0', '武鄉', '140429'), ('140430', '沁县', '', '140400', '0', '沁縣', '140430'), ('140431', '沁源', '', '140400', '0', '沁源', '140431'), ('140481', '潞城', '', '140400', '0', '潞城', '140481'), ('140482', '城区', '', '140400', '0', '城區', '140482'), ('140483', '郊区', '', '140400', '0', '郊區', '140483'), ('140500', '晋城', '', '140000', '0', '晉城', '140500'), ('140502', '城区', '', '140500', '0', '城區', '140502'), ('140521', '沁水', '', '140500', '0', '沁水', '140521'), ('140522', '阳城', '', '140500', '0', '陽城', '140522'), ('140524', '陵川', '', '140500', '0', '陵川', '140524'), ('140525', '泽州', '', '140500', '0', '澤州', '140525'), ('140581', '高平', '', '140500', '0', '高平', '140581'), ('140600', '朔州', '', '140000', '0', '朔州', '140600'), ('140602', '朔城', '', '140600', '0', '朔城', '140602'), ('140603', '平鲁', '', '140600', '0', '平魯', '140603'), ('140621', '山阴', '', '140600', '0', '山陰', '140621'), ('140622', '应县', '', '140600', '0', '應縣', '140622'), ('140623', '右玉', '', '140600', '0', '右玉', '140623'), ('140624', '怀仁', '', '140600', '0', '懷仁', '140624'), ('140700', '晋中', '', '140000', '0', '晉中', '140700'), ('140702', '榆次', '', '140700', '0', '榆次', '140702'), ('140721', '榆社', '', '140700', '0', '榆社', '140721'), ('140722', '左权', '', '140700', '0', '左權', '140722'), ('140723', '和顺', '', '140700', '0', '和順', '140723'), ('140724', '昔阳', '', '140700', '0', '昔陽', '140724'), ('140725', '寿阳', '', '140700', '0', '壽陽', '140725'), ('140726', '太谷', '', '140700', '0', '太穀', '140726'), ('140727', '祁县', '', '140700', '0', '祁縣', '140727'), ('140728', '平遥', '', '140700', '0', '平遙', '140728'), ('140729', '灵石', '', '140700', '0', '靈石', '140729'), ('140781', '介休', '', '140700', '0', '介休', '140781'), ('140800', '运城', '', '140000', '0', '運城', '140800'), ('140802', '盐湖', '', '140800', '0', '鹽湖', '140802'), ('140821', '临猗', '', '140800', '0', '臨猗', '140821'), ('140822', '万荣', '', '140800', '0', '萬榮', '140822'), ('140823', '闻喜', '', '140800', '0', '聞喜', '140823'), ('140824', '稷山', '', '140800', '0', '稷山', '140824'), ('140825', '新绛', '', '140800', '0', '新絳', '140825'), ('140826', '绛县', '', '140800', '0', '絳縣', '140826'), ('140827', '垣曲', '', '140800', '0', '垣曲', '140827'), ('140828', '夏县', '', '140800', '0', '夏縣', '140828'), ('140829', '平陆', '', '140800', '0', '平陸', '140829'), ('140830', '芮城', '', '140800', '0', '芮城', '140830'), ('140881', '永济', '', '140800', '0', '永濟', '140881'), ('140882', '河津', '', '140800', '0', '河津', '140882'), ('140900', '忻州', '', '140000', '0', '忻州', '140900'), ('140902', '忻府', '', '140900', '0', '忻府', '140902'), ('140921', '定襄', '', '140900', '0', '定襄', '140921'), ('140922', '五台', '', '140900', '0', '五臺', '140922'), ('140923', '代县', '', '140900', '0', '代縣', '140923'), ('140924', '繁峙', '', '140900', '0', '繁峙', '140924'), ('140925', '宁武', '', '140900', '0', '寧武', '140925'), ('140926', '静乐', '', '140900', '0', '靜樂', '140926'), ('140927', '神池', '', '140900', '0', '神池', '140927'), ('140928', '五寨', '', '140900', '0', '五寨', '140928'), ('140929', '岢岚', '', '140900', '0', '岢嵐', '140929'), ('140930', '河曲', '', '140900', '0', '河曲', '140930'), ('140931', '保德', '', '140900', '0', '保德', '140931'), ('140932', '偏关', '', '140900', '0', '偏關', '140932'), ('140981', '原平', '', '140900', '0', '原平', '140981'), ('141000', '临汾', '', '140000', '0', '臨汾', '141000'), ('141002', '尧都', '', '141000', '0', '堯都', '141002'), ('141021', '曲沃', '', '141000', '0', '曲沃', '141021'), ('141022', '翼城', '', '141000', '0', '翼城', '141022'), ('141023', '襄汾', '', '141000', '0', '襄汾', '141023'), ('141024', '洪洞', '', '141000', '0', '洪洞', '141024'), ('141025', '古县', '', '141000', '0', '古縣', '141025'), ('141026', '安泽', '', '141000', '0', '安澤', '141026'), ('141027', '浮山', '', '141000', '0', '浮山', '141027'), ('141028', '吉县', '', '141000', '0', '吉縣', '141028'), ('141029', '乡宁', '', '141000', '0', '鄉寧', '141029'), ('141030', '大宁', '', '141000', '0', '大寧', '141030'), ('141031', '隰县', '', '141000', '0', '隰縣', '141031'), ('141032', '永和', '', '141000', '0', '永和', '141032'), ('141033', '蒲县', '', '141000', '0', '蒲縣', '141033'), ('141034', '汾西', '', '141000', '0', '汾西', '141034'), ('141081', '侯马', '', '141000', '0', '侯馬', '141081'), ('141082', '霍州', '', '141000', '0', '霍州', '141082'), ('141100', '吕梁', '', '140000', '0', '呂梁', '141100'), ('141102', '离石', '', '141100', '0', '離石', '141102'), ('141121', '文水', '', '141100', '0', '文水', '141121'), ('141122', '交城', '', '141100', '0', '交城', '141122'), ('141123', '兴县', '', '141100', '0', '興縣', '141123'), ('141124', '临县', '', '141100', '0', '臨縣', '141124'), ('141125', '柳林', '', '141100', '0', '柳林', '141125'), ('141126', '石楼', '', '141100', '0', '石樓', '141126'), ('141127', '岚县', '', '141100', '0', '嵐縣', '141127'), ('141128', '方山', '', '141100', '0', '方山', '141128'), ('141129', '中阳', '', '141100', '0', '中陽', '141129'), ('141130', '交口', '', '141100', '0', '交口', '141130'), ('141181', '孝义', '', '141100', '0', '孝義', '141181'), ('141182', '汾阳', '', '141100', '0', '汾陽', '141182'), ('150000', '内蒙古', '', '1', '0', '內蒙古', '150000'), ('150100', '呼和浩特', '', '150000', '0', '呼和浩特', '150100'), ('150102', '新城', '', '150100', '0', '新城', '150102'), ('150103', '回民', '', '150100', '0', '回民', '150103'), ('150104', '玉泉', '', '150100', '0', '玉泉', '150104'), ('150105', '赛罕', '', '150100', '0', '賽罕', '150105'), ('150121', '土默特左', '', '150100', '0', '土默特左', '150121'), ('150122', '托克托', '', '150100', '0', '托克托', '150122'), ('150123', '和林格尔', '', '150100', '0', '和林格爾', '150123'), ('150124', '清水河', '', '150100', '0', '清水河', '150124'), ('150125', '武川', '', '150100', '0', '武川', '150125'), ('150200', '包头', '', '150000', '0', '包頭', '150200'), ('150202', '东河', '', '150200', '0', '東河', '150202'), ('150203', '昆都仑', '', '150200', '0', '昆都侖', '150203'), ('150204', '青山', '', '150200', '0', '青山', '150204'), ('150205', '石拐', '', '150200', '0', '石拐', '150205'), ('150206', '白云矿区', '', '150200', '0', '白雲礦區', '150206'), ('150207', '九原', '', '150200', '0', '九原', '150207'), ('150221', '土默特右', '', '150200', '0', '土默特右', '150221'), ('150222', '固阳', '', '150200', '0', '固陽', '150222'), ('150223', '达尔罕茂明安联合', '', '150200', '0', '達爾罕茂明安聯合', '150223'), ('150300', '乌海', '', '150000', '0', '烏海', '150300'), ('150302', '海勃湾', '', '150300', '0', '海勃灣', '150302'), ('150303', '海南', '', '150300', '0', '海南', '150303'), ('150304', '乌达', '', '150300', '0', '烏達', '150304'), ('150400', '赤峰', '', '150000', '0', '赤峰', '150400'), ('150402', '红山', '', '150400', '0', '紅山', '150402'), ('150403', '元宝山', '', '150400', '0', '元寶山', '150403'), ('150404', '松山', '', '150400', '0', '松山', '150404'), ('150421', '阿鲁科尔沁', '', '150400', '0', '阿魯科爾沁', '150421'), ('150422', '巴林左', '', '150400', '0', '巴林左', '150422'), ('150423', '巴林右', '', '150400', '0', '巴林右', '150423'), ('150424', '林西', '', '150400', '0', '林西', '150424'), ('150425', '克什克腾', '', '150400', '0', '克什克騰', '150425'), ('150426', '翁牛特', '', '150400', '0', '翁牛特', '150426'), ('150428', '喀喇沁', '', '150400', '0', '喀喇沁', '150428'), ('150429', '宁城', '', '150400', '0', '寧城', '150429'), ('150430', '敖汉', '', '150400', '0', '敖漢', '150430'), ('150500', '通辽', '', '150000', '0', '通遼', '150500'), ('150502', '科尔沁', '', '150500', '0', '科爾沁', '150502'), ('150521', '科尔沁左翼中', '', '150500', '0', '科爾沁左翼中', '150521'), ('150522', '科尔沁左翼后', '', '150500', '0', '科爾沁左翼後', '150522'), ('150523', '开鲁', '', '150500', '0', '開魯', '150523'), ('150524', '库伦', '', '150500', '0', '庫倫', '150524'), ('150525', '奈曼', '', '150500', '0', '奈曼', '150525'), ('150526', '扎鲁特', '', '150500', '0', '紮魯特', '150526'), ('150581', '霍林郭勒', '', '150500', '0', '霍林郭勒', '150581'), ('150600', '鄂尔多斯', '', '150000', '0', '鄂爾多斯', '150600'), ('150602', '东胜', '', '150600', '0', '東勝', '150602'), ('150621', '达拉特', '', '150600', '0', '達拉特', '150621'), ('150622', '准格尔', '', '150600', '0', '準格爾', '150622'), ('150623', '鄂托克前', '', '150600', '0', '鄂托克前', '150623'), ('150624', '鄂托克', '', '150600', '0', '鄂托克', '150624'), ('150625', '杭锦', '', '150600', '0', '杭錦', '150625'), ('150626', '乌审', '', '150600', '0', '烏審', '150626'), ('150627', '伊金霍洛', '', '150600', '0', '伊金霍洛', '150627'), ('150700', '呼伦贝尔', '', '150000', '0', '呼倫貝爾', '150700'), ('150702', '海拉尔', '', '150700', '0', '海拉爾', '150702'), ('150703', '扎赉诺尔', '', '150700', '0', '紮賚諾爾', '150703'), ('150721', '阿荣', '', '150700', '0', '阿榮', '150721'), ('150722', '莫力达瓦', '', '150700', '0', '莫力達瓦', '150722'), ('150723', '鄂伦春', '', '150700', '0', '鄂倫春', '150723'), ('150724', '鄂温克', '', '150700', '0', '鄂溫克', '150724'), ('150725', '陈巴尔虎', '', '150700', '0', '陳巴爾虎', '150725'), ('150726', '新巴尔虎左', '', '150700', '0', '新巴爾虎左', '150726'), ('150727', '新巴尔虎右', '', '150700', '0', '新巴爾虎右', '150727'), ('150781', '满洲里', '', '150700', '0', '滿洲裏', '150781'), ('150782', '牙克石', '', '150700', '0', '牙克石', '150782'), ('150783', '扎兰屯', '', '150700', '0', '紮蘭屯', '150783'), ('150784', '额尔古纳', '', '150700', '0', '額爾古納', '150784'), ('150785', '根河', '', '150700', '0', '根河', '150785'), ('150800', '巴彦淖尔', '', '150000', '0', '巴彥淖爾', '150800'), ('150802', '临河', '', '150800', '0', '臨河', '150802'), ('150821', '五原', '', '150800', '0', '五原', '150821'), ('150822', '磴口', '', '150800', '0', '磴口', '150822'), ('150823', '乌拉特前', '', '150800', '0', '烏拉特前', '150823'), ('150824', '乌拉特中', '', '150800', '0', '烏拉特中', '150824'), ('150825', '乌拉特后', '', '150800', '0', '烏拉特後', '150825'), ('150826', '杭锦后', '', '150800', '0', '杭錦後', '150826'), ('150900', '乌兰察布', '', '150000', '0', '烏蘭察布', '150900'), ('150902', '集宁', '', '150900', '0', '集寧', '150902'), ('150921', '卓资', '', '150900', '0', '卓資', '150921'), ('150922', '化德', '', '150900', '0', '化德', '150922'), ('150923', '商都', '', '150900', '0', '商都', '150923'), ('150924', '兴和', '', '150900', '0', '興和', '150924'), ('150925', '凉城', '', '150900', '0', '涼城', '150925'), ('150926', '察哈尔右翼前', '', '150900', '0', '察哈爾右翼前', '150926'), ('150927', '察哈尔右翼中', '', '150900', '0', '察哈爾右翼中', '150927'), ('150928', '察哈尔右翼后', '', '150900', '0', '察哈爾右翼後', '150928'), ('150929', '四子王', '', '150900', '0', '四子王', '150929'), ('150981', '丰镇', '', '150900', '0', '豐鎮', '150981'), ('152200', '兴安', '', '150000', '0', '興安', '152200'), ('152201', '乌兰浩特', '', '152200', '0', '烏蘭浩特', '152201'), ('152202', '阿尔山', '', '152200', '0', '阿爾山', '152202'), ('152221', '科尔沁右翼前', '', '152200', '0', '科爾沁右翼前', '152221'), ('152222', '科尔沁右翼中', '', '152200', '0', '科爾沁右翼中', '152222'), ('152223', '扎赉特', '', '152200', '0', '紮賚特', '152223'), ('152224', '突泉', '', '152200', '0', '突泉', '152224'), ('152500', '锡林郭勒', '', '150000', '0', '錫林郭勒', '152500'), ('152501', '二连浩特', '', '152500', '0', '二連浩特', '152501'), ('152502', '锡林浩特', '', '152500', '0', '錫林浩特', '152502'), ('152522', '阿巴嘎', '', '152500', '0', '阿巴嘎', '152522'), ('152523', '苏尼特左', '', '152500', '0', '蘇尼特左', '152523'), ('152524', '苏尼特右', '', '152500', '0', '蘇尼特右', '152524'), ('152525', '东乌珠穆沁', '', '152500', '0', '東烏珠穆沁', '152525'), ('152526', '西乌珠穆沁', '', '152500', '0', '西烏珠穆沁', '152526'), ('152527', '太仆寺', '', '152500', '0', '太僕寺', '152527'), ('152528', '镶黄', '', '152500', '0', '鑲黃', '152528'), ('152529', '正镶白', '', '152500', '0', '正鑲白', '152529'), ('152530', '正蓝', '', '152500', '0', '正藍', '152530'), ('152531', '多伦', '', '152500', '0', '多倫', '152531'), ('152900', '阿拉善', '', '150000', '0', '阿拉善', '152900'), ('152921', '阿拉善左', '', '152900', '0', '阿拉善左', '152921'), ('152922', '阿拉善右', '', '152900', '0', '阿拉善右', '152922'), ('152923', '额济纳', '', '152900', '0', '額濟納', '152923'), ('210000', '辽宁', '', '1', '0', '遼寧', '210000'), ('210100', '沈阳', '', '210000', '0', '沈陽', '210100'), ('210102', '和平', '', '210100', '0', '和平', '210102'), ('210103', '沈河', '', '210100', '0', '沈河', '210103'), ('210104', '大东', '', '210100', '0', '大東', '210104'), ('210105', '皇姑', '', '210100', '0', '皇姑', '210105'), ('210106', '铁西', '', '210100', '0', '鐵西', '210106'), ('210111', '苏家屯', '', '210100', '0', '蘇家屯', '210111'), ('210112', '浑南', '', '210100', '0', '渾南', '210112'), ('210113', '新城子', '', '210100', '0', '新城子', '210113'), ('210114', '于洪', '', '210100', '0', '於洪', '210114'), ('210122', '辽中', '', '210100', '0', '遼中', '210122'), ('210123', '康平', '', '210100', '0', '康平', '210123'), ('210124', '法库', '', '210100', '0', '法庫', '210124'), ('210181', '新民', '', '210100', '0', '新民', '210181'), ('210184', '沈北', '', '210100', '0', '沈北', '210184'), ('210200', '大连', '', '210000', '0', '大連', '210200'), ('210202', '中山', '', '210200', '0', '中山', '210202'), ('210203', '西岗', '', '210200', '0', '西崗', '210203'), ('210204', '沙河口', '', '210200', '0', '沙河口', '210204'), ('210211', '甘井子', '', '210200', '0', '甘井子', '210211'), ('210212', '旅顺口', '', '210200', '0', '旅順口', '210212'), ('210213', '金州', '', '210200', '0', '金州', '210213'), ('210224', '长海', '', '210200', '0', '長海', '210224'), ('210281', '瓦房店', '', '210200', '0', '瓦房店', '210281'), ('210282', '普兰店', '', '210200', '0', '普蘭店', '210282'), ('210283', '庄河', '', '210200', '0', '莊河', '210283'), ('210300', '鞍山', '', '210000', '0', '鞍山', '210300'), ('210302', '铁东', '', '210300', '0', '鐵東', '210302'), ('210303', '铁西', '', '210300', '0', '鐵西', '210303'), ('210304', '立山', '', '210300', '0', '立山', '210304'), ('210311', '千山', '', '210300', '0', '千山', '210311'), ('210321', '台安', '', '210300', '0', '臺安', '210321'), ('210323', '岫岩', '', '210300', '0', '岫巖', '210323'), ('210381', '海城', '', '210300', '0', '海城', '210381'), ('210400', '抚顺', '', '210000', '0', '撫順', '210400'), ('210402', '新抚', '', '210400', '0', '新撫', '210402'), ('210403', '东洲', '', '210400', '0', '東洲', '210403'), ('210404', '望花', '', '210400', '0', '望花', '210404'), ('210411', '顺城', '', '210400', '0', '順城', '210411'), ('210421', '抚顺', '', '210400', '0', '撫順', '210421'), ('210422', '新宾', '', '210400', '0', '新賓', '210422'), ('210423', '清原', '', '210400', '0', '清原', '210423'), ('210500', '本溪', '', '210000', '0', '本溪', '210500'), ('210502', '平山', '', '210500', '0', '平山', '210502'), ('210503', '溪湖', '', '210500', '0', '溪湖', '210503'), ('210504', '明山', '', '210500', '0', '明山', '210504'), ('210505', '南芬', '', '210500', '0', '南芬', '210505'), ('210521', '本溪', '', '210500', '0', '本溪', '210521'), ('210522', '桓仁', '', '210500', '0', '桓仁', '210522'), ('210600', '丹东', '', '210000', '0', '丹東', '210600'), ('210602', '元宝', '', '210600', '0', '元寶', '210602'), ('210603', '振兴', '', '210600', '0', '振興', '210603'), ('210604', '振安', '', '210600', '0', '振安', '210604'), ('210624', '宽甸', '', '210600', '0', '寬甸', '210624'), ('210681', '东港', '', '210600', '0', '東港', '210681'), ('210682', '凤城', '', '210600', '0', '鳳城', '210682'), ('210700', '锦州', '', '210000', '0', '錦州', '210700'), ('210702', '古塔', '', '210700', '0', '古塔', '210702'), ('210703', '凌河', '', '210700', '0', '淩河', '210703'), ('210711', '太和', '', '210700', '0', '太和', '210711'), ('210726', '黑山', '', '210700', '0', '黑山', '210726'), ('210727', '义县', '', '210700', '0', '義縣', '210727'), ('210781', '凌海', '', '210700', '0', '淩海', '210781'), ('210782', '北镇', '', '210700', '0', '北鎮', '210782'), ('210800', '营口', '', '210000', '0', '營口', '210800'), ('210802', '站前', '', '210800', '0', '站前', '210802'), ('210803', '西市', '', '210800', '0', '西市', '210803'), ('210804', '鲅鱼圈', '', '210800', '0', '鮁魚圈', '210804'), ('210811', '老边', '', '210800', '0', '老邊', '210811'), ('210881', '盖州', '', '210800', '0', '蓋州', '210881'), ('210882', '大石桥', '', '210800', '0', '大石橋', '210882'), ('210900', '阜新', '', '210000', '0', '阜新', '210900'), ('210902', '海州', '', '210900', '0', '海州', '210902'), ('210903', '新邱', '', '210900', '0', '新邱', '210903'), ('210904', '太平', '', '210900', '0', '太平', '210904'), ('210905', '清河门', '', '210900', '0', '清河門', '210905'), ('210911', '细河', '', '210900', '0', '細河', '210911'), ('210921', '阜新', '', '210900', '0', '阜新', '210921'), ('210922', '彰武', '', '210900', '0', '彰武', '210922'), ('211000', '辽阳', '', '210000', '0', '遼陽', '211000'), ('211002', '白塔', '', '211000', '0', '白塔', '211002'), ('211003', '文圣', '', '211000', '0', '文聖', '211003'), ('211004', '宏伟', '', '211000', '0', '宏偉', '211004'), ('211005', '弓长岭', '', '211000', '0', '弓長嶺', '211005'), ('211011', '太子河', '', '211000', '0', '太子河', '211011'), ('211021', '辽阳', '', '211000', '0', '遼陽', '211021'), ('211081', '灯塔', '', '211000', '0', '燈塔', '211081'), ('211100', '盘锦', '', '210000', '0', '盤錦', '211100'), ('211102', '双台子', '', '211100', '0', '雙臺子', '211102'), ('211103', '兴隆台', '', '211100', '0', '興隆臺', '211103'), ('211121', '大洼', '', '211100', '0', '大窪', '211121'), ('211122', '盘山', '', '211100', '0', '盤山', '211122'), ('211200', '铁岭', '', '210000', '0', '鐵嶺', '211200'), ('211202', '银州', '', '211200', '0', '銀州', '211202'), ('211204', '清河', '', '211200', '0', '清河', '211204'), ('211221', '铁岭', '', '211200', '0', '鐵嶺', '211221'), ('211223', '西丰', '', '211200', '0', '西豐', '211223'), ('211224', '昌图', '', '211200', '0', '昌圖', '211224'), ('211281', '调兵山', '', '211200', '0', '調兵山', '211281'), ('211282', '开原', '', '211200', '0', '開原', '211282'), ('211300', '朝阳', '', '210000', '0', '朝陽', '211300'), ('211302', '双塔', '', '211300', '0', '雙塔', '211302'), ('211303', '龙城', '', '211300', '0', '龍城', '211303'), ('211321', '朝阳', '', '211300', '0', '朝陽', '211321'), ('211322', '建平', '', '211300', '0', '建平', '211322'), ('211324', '喀左', '', '211300', '0', '喀左', '211324'), ('211381', '北票', '', '211300', '0', '北票', '211381'), ('211382', '凌源', '', '211300', '0', '淩源', '211382'), ('211400', '葫芦岛', '', '210000', '0', '葫蘆島', '211400'), ('211402', '连山', '', '211400', '0', '連山', '211402'), ('211403', '龙港', '', '211400', '0', '龍港', '211403'), ('211404', '南票', '', '211400', '0', '南票', '211404'), ('211421', '绥中', '', '211400', '0', '綏中', '211421'), ('211422', '建昌', '', '211400', '0', '建昌', '211422'), ('211481', '兴城', '', '211400', '0', '興城', '211481'), ('220000', '吉林', '', '1', '0', '吉林', '220000'), ('220100', '长春', '', '220000', '0', '長春', '220100'), ('220102', '南关', '', '220100', '0', '南關', '220102'), ('220103', '宽城', '', '220100', '0', '寬城', '220103'), ('220104', '朝阳', '', '220100', '0', '朝陽', '220104'), ('220105', '二道', '', '220100', '0', '二道', '220105'), ('220106', '绿园', '', '220100', '0', '綠園', '220106'), ('220112', '双阳', '', '220100', '0', '雙陽', '220112'), ('220122', '农安', '', '220100', '0', '農安', '220122'), ('220181', '九台', '', '220100', '0', '九臺', '220181'), ('220182', '榆树', '', '220100', '0', '榆樹', '220182'), ('220183', '德惠', '', '220100', '0', '德惠', '220183'), ('220200', '吉林', '', '220000', '0', '吉林', '220200'), ('220202', '昌邑', '', '220200', '0', '昌邑', '220202'), ('220203', '龙潭', '', '220200', '0', '龍潭', '220203'), ('220204', '船营', '', '220200', '0', '船營', '220204'), ('220211', '丰满', '', '220200', '0', '豐滿', '220211'), ('220221', '永吉', '', '220200', '0', '永吉', '220221'), ('220281', '蛟河', '', '220200', '0', '蛟河', '220281'), ('220282', '桦甸', '', '220200', '0', '樺甸', '220282'), ('220283', '舒兰', '', '220200', '0', '舒蘭', '220283'), ('220284', '磐石', '', '220200', '0', '磐石', '220284'), ('220300', '四平', '', '220000', '0', '四平', '220300'), ('220302', '铁西', '', '220300', '0', '鐵西', '220302'), ('220303', '铁东', '', '220300', '0', '鐵東', '220303'), ('220322', '梨树', '', '220300', '0', '梨樹', '220322'), ('220323', '伊通', '', '220300', '0', '伊通', '220323'), ('220381', '公主岭', '', '220300', '0', '公主嶺', '220381'), ('220382', '双辽', '', '220300', '0', '雙遼', '220382'), ('220400', '辽源', '', '220000', '0', '遼源', '220400'), ('220402', '龙山', '', '220400', '0', '龍山', '220402'), ('220403', '西安', '', '220400', '0', '西安', '220403'), ('220421', '东丰', '', '220400', '0', '東豐', '220421'), ('220422', '东辽', '', '220400', '0', '東遼', '220422'), ('220500', '通化', '', '220000', '0', '通化', '220500'), ('220502', '东昌', '', '220500', '0', '東昌', '220502'), ('220503', '二道江', '', '220500', '0', '二道江', '220503'), ('220521', '通化', '', '220500', '0', '通化', '220521'), ('220523', '辉南', '', '220500', '0', '輝南', '220523'), ('220524', '柳河', '', '220500', '0', '柳河', '220524'), ('220581', '梅河口', '', '220500', '0', '梅河口', '220581'), ('220582', '集安', '', '220500', '0', '集安', '220582'), ('220600', '白山', '', '220000', '0', '白山', '220600'), ('220602', '浑江', '', '220600', '0', '渾江', '220602'), ('220621', '抚松', '', '220600', '0', '撫松', '220621'), ('220622', '靖宇', '', '220600', '0', '靖宇', '220622'), ('220623', '长白', '', '220600', '0', '長白', '220623'), ('220625', '江源', '', '220600', '0', '江源', '220625'), ('220681', '临江', '', '220600', '0', '臨江', '220681'), ('220700', '松原', '', '220000', '0', '松原', '220700'), ('220702', '宁江', '', '220700', '0', '寧江', '220702'), ('220721', '前郭', '', '220700', '0', '前郭', '220721'), ('220722', '长岭', '', '220700', '0', '長嶺', '220722'), ('220723', '乾安', '', '220700', '0', '乾安', '220723'), ('220724', '扶余', '', '220700', '0', '扶余', '220724'), ('220800', '白城', '', '220000', '0', '白城', '220800'), ('220802', '洮北', '', '220800', '0', '洮北', '220802'), ('220821', '镇赉', '', '220800', '0', '鎮賚', '220821'), ('220822', '通榆', '', '220800', '0', '通榆', '220822'), ('220881', '洮南', '', '220800', '0', '洮南', '220881'), ('220882', '大安', '', '220800', '0', '大安', '220882'), ('222400', '延边朝鲜族', '', '220000', '0', '延邊朝鮮族', '222400'), ('222401', '延吉', '', '222400', '0', '延吉', '222401'), ('222402', '图们', '', '222400', '0', '圖們', '222402'), ('222403', '敦化', '', '222400', '0', '敦化', '222403'), ('222404', '珲春', '', '222400', '0', '琿春', '222404'), ('222405', '龙井', '', '222400', '0', '龍井', '222405'), ('222406', '和龙', '', '222400', '0', '和龍', '222406'), ('222424', '汪清', '', '222400', '0', '汪清', '222424'), ('222426', '安图', '', '222400', '0', '安圖', '222426'), ('230000', '黑龙江', '', '1', '0', '黑龍江', '230000'), ('230100', '哈尔滨', '', '230000', '0', '哈爾濱', '230100'), ('230102', '道里', '', '230100', '0', '道裏', '230102'), ('230103', '南岗', '', '230100', '0', '南崗', '230103'), ('230104', '道外', '', '230100', '0', '道外', '230104'), ('230106', '香坊', '', '230100', '0', '香坊', '230106'), ('230108', '平房', '', '230100', '0', '平房', '230108'), ('230109', '松北', '', '230100', '0', '松北', '230109'), ('230111', '呼兰', '', '230100', '0', '呼蘭', '230111'), ('230123', '依兰', '', '230100', '0', '依蘭', '230123'), ('230124', '方正', '', '230100', '0', '方正', '230124'), ('230125', '宾县', '', '230100', '0', '賓縣', '230125'), ('230126', '巴彦', '', '230100', '0', '巴彥', '230126'), ('230127', '木兰', '', '230100', '0', '木蘭', '230127'), ('230128', '通河', '', '230100', '0', '通河', '230128'), ('230129', '延寿', '', '230100', '0', '延壽', '230129'), ('230181', '阿城', '', '230100', '0', '阿城', '230181'), ('230182', '双城', '', '230100', '0', '雙城', '230182'), ('230183', '尚志', '', '230100', '0', '尚志', '230183'), ('230184', '五常', '', '230100', '0', '五常', '230184'), ('230200', '齐齐哈尔', '', '230000', '0', '齊齊哈爾', '230200'), ('230202', '龙沙', '', '230200', '0', '龍沙', '230202'), ('230203', '建华', '', '230200', '0', '建華', '230203'), ('230204', '铁锋', '', '230200', '0', '鐵鋒', '230204'), ('230205', '昂昂溪', '', '230200', '0', '昂昂溪', '230205'), ('230206', '富拉尔基', '', '230200', '0', '富拉爾基', '230206'), ('230207', '碾子山', '', '230200', '0', '碾子山', '230207'), ('230208', '梅里斯达斡尔族', '', '230200', '0', '梅裏斯達斡爾族', '230208'), ('230221', '龙江', '', '230200', '0', '龍江', '230221'), ('230223', '依安', '', '230200', '0', '依安', '230223'), ('230224', '泰来', '', '230200', '0', '泰來', '230224'), ('230225', '甘南', '', '230200', '0', '甘南', '230225'), ('230227', '富裕', '', '230200', '0', '富裕', '230227'), ('230229', '克山', '', '230200', '0', '克山', '230229'), ('230230', '克东', '', '230200', '0', '克東', '230230'), ('230231', '拜泉', '', '230200', '0', '拜泉', '230231'), ('230281', '讷河', '', '230200', '0', '訥河', '230281'), ('230300', '鸡西', '', '230000', '0', '雞西', '230300'), ('230302', '鸡冠', '', '230300', '0', '雞冠', '230302'), ('230303', '恒山', '', '230300', '0', '恒山', '230303'), ('230304', '滴道', '', '230300', '0', '滴道', '230304'), ('230305', '梨树', '', '230300', '0', '梨樹', '230305'), ('230306', '城子河', '', '230300', '0', '城子河', '230306'), ('230307', '麻山', '', '230300', '0', '麻山', '230307'), ('230321', '鸡东', '', '230300', '0', '雞東', '230321'), ('230381', '虎林', '', '230300', '0', '虎林', '230381'), ('230382', '密山', '', '230300', '0', '密山', '230382'), ('230400', '鹤岗', '', '230000', '0', '鶴崗', '230400'), ('230402', '向阳', '', '230400', '0', '向陽', '230402'), ('230403', '工农', '', '230400', '0', '工農', '230403'), ('230404', '南山', '', '230400', '0', '南山', '230404'), ('230405', '兴安', '', '230400', '0', '興安', '230405'), ('230406', '东山', '', '230400', '0', '東山', '230406'), ('230407', '兴山', '', '230400', '0', '興山', '230407'), ('230421', '萝北', '', '230400', '0', '蘿北', '230421'), ('230422', '绥滨', '', '230400', '0', '綏濱', '230422'), ('230500', '双鸭山', '', '230000', '0', '雙鴨山', '230500'), ('230502', '尖山', '', '230500', '0', '尖山', '230502'), ('230503', '岭东', '', '230500', '0', '嶺東', '230503'), ('230505', '四方台', '', '230500', '0', '四方臺', '230505'), ('230506', '宝山', '', '230500', '0', '寶山', '230506'), ('230521', '集贤', '', '230500', '0', '集賢', '230521'), ('230522', '友谊', '', '230500', '0', '友誼', '230522'), ('230523', '宝清', '', '230500', '0', '寶清', '230523'), ('230524', '饶河', '', '230500', '0', '饒河', '230524'), ('230600', '大庆', '', '230000', '0', '大慶', '230600'), ('230602', '萨尔图', '', '230600', '0', '薩爾圖', '230602'), ('230603', '龙凤', '', '230600', '0', '龍鳳', '230603'), ('230604', '让胡路', '', '230600', '0', '讓胡路', '230604'), ('230605', '红岗', '', '230600', '0', '紅崗', '230605'), ('230606', '大同', '', '230600', '0', '大同', '230606'), ('230621', '肇州', '', '230600', '0', '肇州', '230621'), ('230622', '肇源', '', '230600', '0', '肇源', '230622'), ('230623', '林甸', '', '230600', '0', '林甸', '230623'), ('230624', '杜尔伯特', '', '230600', '0', '杜爾伯特', '230624'), ('230700', '伊春', '', '230000', '0', '伊春', '230700'), ('230702', '伊春', '', '230700', '0', '伊春', '230702'), ('230703', '南岔', '', '230700', '0', '南岔', '230703'), ('230704', '友好', '', '230700', '0', '友好', '230704'), ('230705', '西林', '', '230700', '0', '西林', '230705'), ('230706', '翠峦', '', '230700', '0', '翠巒', '230706'), ('230707', '新青', '', '230700', '0', '新青', '230707'), ('230708', '美溪', '', '230700', '0', '美溪', '230708'), ('230709', '金山屯', '', '230700', '0', '金山屯', '230709'), ('230710', '五营', '', '230700', '0', '五營', '230710'), ('230711', '乌马河', '', '230700', '0', '烏馬河', '230711'), ('230712', '汤旺河', '', '230700', '0', '湯旺河', '230712'), ('230713', '带岭', '', '230700', '0', '帶嶺', '230713'), ('230714', '乌伊岭', '', '230700', '0', '烏伊嶺', '230714'), ('230715', '红星', '', '230700', '0', '紅星', '230715'), ('230716', '上甘岭', '', '230700', '0', '上甘嶺', '230716'), ('230722', '嘉荫', '', '230700', '0', '嘉蔭', '230722'), ('230781', '铁力', '', '230700', '0', '鐵力', '230781'), ('230800', '佳木斯', '', '230000', '0', '佳木斯', '230800'), ('230803', '向阳', '', '230800', '0', '向陽', '230803'), ('230804', '前进', '', '230800', '0', '前進', '230804'), ('230805', '东风', '', '230800', '0', '東風', '230805'), ('230811', '郊区', '', '230800', '0', '郊區', '230811'), ('230822', '桦南', '', '230800', '0', '樺南', '230822'), ('230826', '桦川', '', '230800', '0', '樺川', '230826'), ('230828', '汤原', '', '230800', '0', '湯原', '230828'), ('230833', '抚远', '', '230800', '0', '撫遠', '230833'), ('230881', '同江', '', '230800', '0', '同江', '230881'), ('230882', '富锦', '', '230800', '0', '富錦', '230882'), ('230900', '七台河', '', '230000', '0', '七臺河', '230900'), ('230902', '新兴', '', '230900', '0', '新興', '230902'), ('230903', '桃山', '', '230900', '0', '桃山', '230903'), ('230904', '茄子河', '', '230900', '0', '茄子河', '230904'), ('230921', '勃利', '', '230900', '0', '勃利', '230921'), ('231000', '牡丹江', '', '230000', '0', '牡丹江', '231000'), ('231002', '东安', '', '231000', '0', '東安', '231002'), ('231003', '阳明', '', '231000', '0', '陽明', '231003'), ('231004', '爱民', '', '231000', '0', '愛民', '231004'), ('231005', '西安', '', '231000', '0', '西安', '231005'), ('231024', '东宁', '', '231000', '0', '東寧', '231024'), ('231025', '林口', '', '231000', '0', '林口', '231025'), ('231081', '绥芬河', '', '231000', '0', '綏芬河', '231081'), ('231083', '海林', '', '231000', '0', '海林', '231083'), ('231084', '宁安', '', '231000', '0', '寧安', '231084'), ('231085', '穆棱', '', '231000', '0', '穆棱', '231085'), ('231100', '黑河', '', '230000', '0', '黑河', '231100'), ('231102', '爱辉', '', '231100', '0', '愛輝', '231102'), ('231121', '嫩江', '', '231100', '0', '嫩江', '231121'), ('231123', '逊克', '', '231100', '0', '遜克', '231123'), ('231124', '孙吴', '', '231100', '0', '孫吳', '231124'), ('231181', '北安', '', '231100', '0', '北安', '231181'), ('231182', '五大连池', '', '231100', '0', '五大連池', '231182'), ('231200', '绥化', '', '230000', '0', '綏化', '231200'), ('231202', '北林', '', '231200', '0', '北林', '231202'), ('231221', '望奎', '', '231200', '0', '望奎', '231221'), ('231222', '兰西', '', '231200', '0', '蘭西', '231222'), ('231223', '青冈', '', '231200', '0', '青岡', '231223'), ('231224', '庆安', '', '231200', '0', '慶安', '231224'), ('231225', '明水', '', '231200', '0', '明水', '231225'), ('231226', '绥棱', '', '231200', '0', '綏棱', '231226'), ('231281', '安达', '', '231200', '0', '安達', '231281'), ('231282', '肇东', '', '231200', '0', '肇東', '231282'), ('231283', '海伦', '', '231200', '0', '海倫', '231283'), ('232700', '大兴安岭', '', '230000', '0', '大興安嶺', '232700'), ('232702', '松岭', '', '232700', '0', '松嶺', '232702'), ('232703', '新林', '', '232700', '0', '新林', '232703'), ('232704', '呼中', '', '232700', '0', '呼中', '232704');
INSERT INTO `area` VALUES ('232721', '呼玛', '', '232700', '0', '呼瑪', '232721'), ('232722', '塔河', '', '232700', '0', '塔河', '232722'), ('232723', '漠河', '', '232700', '0', '漠河', '232723'), ('232724', '加格达奇', '', '232700', '0', '加格達奇', '232724'), ('310000', '上海', '', '1', '0', '上海', '310000'), ('310100', '上海', '', '310000', '0', '上海', '310100'), ('310101', '黄浦', '', '310100', '0', '黃浦', '310101'), ('310104', '徐汇', '', '310100', '0', '徐匯', '310104'), ('310105', '长宁', '', '310100', '0', '長寧', '310105'), ('310106', '静安', '', '310100', '0', '靜安', '310106'), ('310107', '普陀', '', '310100', '0', '普陀', '310107'), ('310108', '闸北', '', '310100', '0', '閘北', '310108'), ('310109', '虹口', '', '310100', '0', '虹口', '310109'), ('310110', '杨浦', '', '310100', '0', '楊浦', '310110'), ('310112', '闵行', '', '310100', '0', '閔行', '310112'), ('310113', '宝山', '', '310100', '0', '寶山', '310113'), ('310114', '嘉定', '', '310100', '0', '嘉定', '310114'), ('310115', '浦东', '', '310100', '0', '浦東', '310115'), ('310116', '金山', '', '310100', '0', '金山', '310116'), ('310117', '松江', '', '310100', '0', '松江', '310117'), ('310118', '青浦', '', '310100', '0', '青浦', '310118'), ('310120', '奉贤', '', '310100', '0', '奉賢', '310120'), ('310230', '崇明', '', '310100', '0', '崇明', '310230'), ('320000', '江苏', '', '1', '0', '江蘇', '320000'), ('320100', '南京', '', '320000', '0', '南京', '320100'), ('320102', '玄武', '', '320100', '0', '玄武', '320102'), ('320104', '秦淮', '', '320100', '0', '秦淮', '320104'), ('320105', '建邺', '', '320100', '0', '建鄴', '320105'), ('320106', '鼓楼', '', '320100', '0', '鼓樓', '320106'), ('320111', '浦口', '', '320100', '0', '浦口', '320111'), ('320113', '栖霞', '', '320100', '0', '棲霞', '320113'), ('320114', '雨花台', '', '320100', '0', '雨花臺', '320114'), ('320115', '江宁', '', '320100', '0', '江寧', '320115'), ('320116', '六合', '', '320100', '0', '六合', '320116'), ('320124', '溧水', '', '320100', '0', '溧水', '320124'), ('320125', '高淳', '', '320100', '0', '高淳', '320125'), ('320200', '无锡', '', '320000', '0', '無錫', '320200'), ('320202', '崇安', '', '320200', '0', '崇安', '320202'), ('320203', '南长', '', '320200', '0', '南長', '320203'), ('320204', '北塘', '', '320200', '0', '北塘', '320204'), ('320205', '锡山', '', '320200', '0', '錫山', '320205'), ('320206', '惠山', '', '320200', '0', '惠山', '320206'), ('320211', '滨湖', '', '320200', '0', '濱湖', '320211'), ('320281', '江阴', '', '320200', '0', '江陰', '320281'), ('320282', '宜兴', '', '320200', '0', '宜興', '320282'), ('320300', '徐州', '', '320000', '0', '徐州', '320300'), ('320302', '鼓楼', '', '320300', '0', '鼓樓', '320302'), ('320303', '云龙', '', '320300', '0', '雲龍', '320303'), ('320305', '贾汪', '', '320300', '0', '賈汪', '320305'), ('320311', '泉山', '', '320300', '0', '泉山', '320311'), ('320321', '丰县', '', '320300', '0', '豐縣', '320321'), ('320322', '沛县', '', '320300', '0', '沛縣', '320322'), ('320323', '铜山', '', '320300', '0', '銅山', '320323'), ('320324', '睢宁', '', '320300', '0', '睢寧', '320324'), ('320381', '新沂', '', '320300', '0', '新沂', '320381'), ('320382', '邳州', '', '320300', '0', '邳州', '320382'), ('320400', '常州', '', '320000', '0', '常州', '320400'), ('320402', '天宁', '', '320400', '0', '天寧', '320402'), ('320404', '钟楼', '', '320400', '0', '鐘樓', '320404'), ('320405', '戚墅堰', '', '320400', '0', '戚墅堰', '320405'), ('320411', '新北', '', '320400', '0', '新北', '320411'), ('320412', '武进', '', '320400', '0', '武進', '320412'), ('320481', '溧阳', '', '320400', '0', '溧陽', '320481'), ('320482', '金坛', '', '320400', '0', '金壇', '320482'), ('320500', '苏州', '', '320000', '0', '蘇州', '320500'), ('320505', '虎丘', '', '320500', '0', '虎丘', '320505'), ('320506', '吴中', '', '320500', '0', '吳中', '320506'), ('320507', '相城', '', '320500', '0', '相城', '320507'), ('320508', '姑苏', '', '320500', '0', '姑蘇', '320508'), ('320581', '常熟', '', '320500', '0', '常熟', '320581'), ('320582', '张家港', '', '320500', '0', '張家港', '320582'), ('320583', '昆山', '', '320500', '0', '昆山', '320583'), ('320584', '吴江', '', '320500', '0', '吳江', '320584'), ('320585', '太仓', '', '320500', '0', '太倉', '320585'), ('320600', '南通', '', '320000', '0', '南通', '320600'), ('320602', '崇川', '', '320600', '0', '崇川', '320602'), ('320611', '港闸', '', '320600', '0', '港閘', '320611'), ('320612', '通州', '', '320600', '0', '通州', '320612'), ('320621', '海安', '', '320600', '0', '海安', '320621'), ('320623', '如东', '', '320600', '0', '如東', '320623'), ('320681', '启东', '', '320600', '0', '啟東', '320681'), ('320682', '如皋', '', '320600', '0', '如皋', '320682'), ('320684', '海门', '', '320600', '0', '海門', '320684'), ('320700', '连云港', '', '320000', '0', '連雲港', '320700'), ('320703', '连云', '', '320700', '0', '連雲', '320703'), ('320705', '新浦', '', '320700', '0', '新浦', '320705'), ('320706', '海州', '', '320700', '0', '海州', '320706'), ('320721', '赣榆', '', '320700', '0', '贛榆', '320721'), ('320722', '东海', '', '320700', '0', '東海', '320722'), ('320723', '灌云', '', '320700', '0', '灌雲', '320723'), ('320724', '灌南', '', '320700', '0', '灌南', '320724'), ('320800', '淮安', '', '320000', '0', '淮安', '320800'), ('320802', '清河', '', '320800', '0', '清河', '320802'), ('320803', '淮安', '', '320800', '0', '淮安', '320803'), ('320804', '淮阴', '', '320800', '0', '淮陰', '320804'), ('320811', '清浦', '', '320800', '0', '清浦', '320811'), ('320826', '涟水', '', '320800', '0', '漣水', '320826'), ('320829', '洪泽', '', '320800', '0', '洪澤', '320829'), ('320830', '盱眙', '', '320800', '0', '盱眙', '320830'), ('320831', '金湖', '', '320800', '0', '金湖', '320831'), ('320900', '盐城', '', '320000', '0', '鹽城', '320900'), ('320902', '亭湖', '', '320900', '0', '亭湖', '320902'), ('320903', '盐都', '', '320900', '0', '鹽都', '320903'), ('320921', '响水', '', '320900', '0', '響水', '320921'), ('320922', '滨海', '', '320900', '0', '濱海', '320922'), ('320923', '阜宁', '', '320900', '0', '阜寧', '320923'), ('320924', '射阳', '', '320900', '0', '射陽', '320924'), ('320925', '建湖', '', '320900', '0', '建湖', '320925'), ('320981', '东台', '', '320900', '0', '東臺', '320981'), ('320982', '大丰', '', '320900', '0', '大豐', '320982'), ('321000', '扬州', '', '320000', '0', '揚州', '321000'), ('321002', '广陵', '', '321000', '0', '廣陵', '321002'), ('321003', '邗江', '', '321000', '0', '邗江', '321003'), ('321023', '宝应', '', '321000', '0', '寶應', '321023'), ('321081', '仪征', '', '321000', '0', '儀征', '321081'), ('321084', '高邮', '', '321000', '0', '高郵', '321084'), ('321088', '江都', '', '321000', '0', '江都', '321088'), ('321100', '镇江', '', '320000', '0', '鎮江', '321100'), ('321102', '京口', '', '321100', '0', '京口', '321102'), ('321111', '润州', '', '321100', '0', '潤州', '321111'), ('321112', '丹徒', '', '321100', '0', '丹徒', '321112'), ('321181', '丹阳', '', '321100', '0', '丹陽', '321181'), ('321182', '扬中', '', '321100', '0', '揚中', '321182'), ('321183', '句容', '', '321100', '0', '句容', '321183'), ('321200', '泰州', '', '320000', '0', '泰州', '321200'), ('321202', '海陵', '', '321200', '0', '海陵', '321202'), ('321203', '高港', '', '321200', '0', '高港', '321203'), ('321281', '兴化', '', '321200', '0', '興化', '321281'), ('321282', '靖江', '', '321200', '0', '靖江', '321282'), ('321283', '泰兴', '', '321200', '0', '泰興', '321283'), ('321284', '姜堰', '', '321200', '0', '薑堰', '321284'), ('321300', '宿迁', '', '320000', '0', '宿遷', '321300'), ('321302', '宿城', '', '321300', '0', '宿城', '321302'), ('321311', '宿豫', '', '321300', '0', '宿豫', '321311'), ('321322', '沭阳', '', '321300', '0', '沭陽', '321322'), ('321323', '泗阳', '', '321300', '0', '泗陽', '321323'), ('321324', '泗洪', '', '321300', '0', '泗洪', '321324'), ('330000', '浙江', '', '1', '0', '浙江', '330000'), ('330100', '杭州', '', '330000', '0', '杭州', '330100'), ('330102', '上城', '', '330100', '0', '上城', '330102'), ('330103', '下城', '', '330100', '0', '下城', '330103'), ('330104', '江干', '', '330100', '0', '江幹', '330104'), ('330105', '拱墅', '', '330100', '0', '拱墅', '330105'), ('330106', '西湖', '', '330100', '0', '西湖', '330106'), ('330108', '滨江', '', '330100', '0', '濱江', '330108'), ('330109', '萧山', '', '330100', '0', '蕭山', '330109'), ('330110', '余杭', '', '330100', '0', '余杭', '330110'), ('330122', '桐庐', '', '330100', '0', '桐廬', '330122'), ('330127', '淳安', '', '330100', '0', '淳安', '330127'), ('330182', '建德', '', '330100', '0', '建德', '330182'), ('330183', '富阳', '', '330100', '0', '富陽', '330183'), ('330185', '临安', '', '330100', '0', '臨安', '330185'), ('330200', '宁波', '', '330000', '0', '寧波', '330200'), ('330203', '海曙', '', '330200', '0', '海曙', '330203'), ('330204', '江东', '', '330200', '0', '江東', '330204'), ('330205', '江北', '', '330200', '0', '江北', '330205'), ('330206', '北仑', '', '330200', '0', '北侖', '330206'), ('330211', '镇海', '', '330200', '0', '鎮海', '330211'), ('330212', '鄞州', '', '330200', '0', '鄞州', '330212'), ('330225', '象山', '', '330200', '0', '象山', '330225'), ('330226', '宁海', '', '330200', '0', '寧海', '330226'), ('330281', '余姚', '', '330200', '0', '余姚', '330281'), ('330282', '慈溪', '', '330200', '0', '慈溪', '330282'), ('330283', '奉化', '', '330200', '0', '奉化', '330283'), ('330300', '温州', '', '330000', '0', '溫州', '330300'), ('330302', '鹿城', '', '330300', '0', '鹿城', '330302'), ('330303', '龙湾', '', '330300', '0', '龍灣', '330303'), ('330304', '瓯海', '', '330300', '0', '甌海', '330304'), ('330322', '洞头', '', '330300', '0', '洞頭', '330322'), ('330324', '永嘉', '', '330300', '0', '永嘉', '330324'), ('330326', '平阳', '', '330300', '0', '平陽', '330326'), ('330327', '苍南', '', '330300', '0', '蒼南', '330327'), ('330328', '文成', '', '330300', '0', '文成', '330328'), ('330329', '泰顺', '', '330300', '0', '泰順', '330329'), ('330381', '瑞安', '', '330300', '0', '瑞安', '330381'), ('330382', '乐清', '', '330300', '0', '樂清', '330382'), ('330400', '嘉兴', '', '330000', '0', '嘉興', '330400'), ('330402', '南湖', '', '330400', '0', '南湖', '330402'), ('330411', '秀洲', '', '330400', '0', '秀洲', '330411'), ('330421', '嘉善', '', '330400', '0', '嘉善', '330421'), ('330424', '海盐', '', '330400', '0', '海鹽', '330424'), ('330481', '海宁', '', '330400', '0', '海寧', '330481'), ('330482', '平湖', '', '330400', '0', '平湖', '330482'), ('330483', '桐乡', '', '330400', '0', '桐鄉', '330483'), ('330500', '湖州', '', '330000', '0', '湖州', '330500'), ('330502', '吴兴', '', '330500', '0', '吳興', '330502'), ('330503', '南浔', '', '330500', '0', '南潯', '330503'), ('330521', '德清', '', '330500', '0', '德清', '330521'), ('330522', '长兴', '', '330500', '0', '長興', '330522'), ('330523', '安吉', '', '330500', '0', '安吉', '330523'), ('330600', '绍兴', '', '330000', '0', '紹興', '330600'), ('330602', '越城', '', '330600', '0', '越城', '330602'), ('330621', '柯桥', '', '330600', '0', '柯橋', '330621'), ('330624', '新昌', '', '330600', '0', '新昌', '330624'), ('330681', '诸暨', '', '330600', '0', '諸暨', '330681'), ('330682', '上虞', '', '330600', '0', '上虞', '330682'), ('330683', '嵊州', '', '330600', '0', '嵊州', '330683'), ('330700', '金华', '', '330000', '0', '金華', '330700'), ('330702', '婺城', '', '330700', '0', '婺城', '330702'), ('330703', '金东', '', '330700', '0', '金東', '330703'), ('330723', '武义', '', '330700', '0', '武義', '330723'), ('330726', '浦江', '', '330700', '0', '浦江', '330726'), ('330727', '磐安', '', '330700', '0', '磐安', '330727'), ('330781', '兰溪', '', '330700', '0', '蘭溪', '330781'), ('330782', '义乌', '', '330700', '0', '義烏', '330782'), ('330783', '东阳', '', '330700', '0', '東陽', '330783'), ('330784', '永康', '', '330700', '0', '永康', '330784'), ('330800', '衢州', '', '330000', '0', '衢州', '330800'), ('330802', '柯城', '', '330800', '0', '柯城', '330802'), ('330803', '衢江', '', '330800', '0', '衢江', '330803'), ('330822', '常山', '', '330800', '0', '常山', '330822'), ('330824', '开化', '', '330800', '0', '開化', '330824'), ('330825', '龙游', '', '330800', '0', '龍遊', '330825'), ('330881', '江山', '', '330800', '0', '江山', '330881'), ('330900', '舟山', '', '330000', '0', '舟山', '330900'), ('330902', '定海', '', '330900', '0', '定海', '330902'), ('330903', '普陀', '', '330900', '0', '普陀', '330903'), ('330921', '岱山', '', '330900', '0', '岱山', '330921'), ('330922', '嵊泗', '', '330900', '0', '嵊泗', '330922'), ('331000', '台州', '', '330000', '0', '臺州', '331000'), ('331002', '椒江', '', '331000', '0', '椒江', '331002'), ('331003', '黄岩', '', '331000', '0', '黃巖', '331003'), ('331004', '路桥', '', '331000', '0', '路橋', '331004'), ('331021', '玉环', '', '331000', '0', '玉環', '331021'), ('331022', '三门', '', '331000', '0', '三門', '331022'), ('331023', '天台', '', '331000', '0', '天臺', '331023'), ('331024', '仙居', '', '331000', '0', '仙居', '331024'), ('331081', '温岭', '', '331000', '0', '溫嶺', '331081'), ('331082', '临海', '', '331000', '0', '臨海', '331082'), ('331100', '丽水', '', '330000', '0', '麗水', '331100'), ('331102', '莲都', '', '331100', '0', '蓮都', '331102'), ('331121', '青田', '', '331100', '0', '青田', '331121'), ('331122', '缙云', '', '331100', '0', '縉雲', '331122'), ('331123', '遂昌', '', '331100', '0', '遂昌', '331123'), ('331124', '松阳', '', '331100', '0', '松陽', '331124'), ('331125', '云和', '', '331100', '0', '雲和', '331125'), ('331126', '庆元', '', '331100', '0', '慶元', '331126'), ('331127', '景宁', '', '331100', '0', '景寧', '331127'), ('331181', '龙泉', '', '331100', '0', '龍泉', '331181'), ('340000', '安徽', '', '1', '0', '安徽', '340000'), ('340100', '合肥', '', '340000', '0', '合肥', '340100'), ('340102', '瑶海', '', '340100', '0', '瑤海', '340102'), ('340103', '庐阳', '', '340100', '0', '廬陽', '340103'), ('340104', '蜀山', '', '340100', '0', '蜀山', '340104'), ('340111', '包河', '', '340100', '0', '包河', '340111'), ('340121', '长丰', '', '340100', '0', '長豐', '340121'), ('340122', '肥东', '', '340100', '0', '肥東', '340122'), ('340123', '肥西', '', '340100', '0', '肥西', '340123'), ('340200', '芜湖', '', '340000', '0', '蕪湖', '340200'), ('340202', '镜湖', '', '340200', '0', '鏡湖', '340202'), ('340203', '弋江', '', '340200', '0', '弋江', '340203'), ('340207', '鸠江', '', '340200', '0', '鳩江', '340207'), ('340208', '三山', '', '340200', '0', '三山', '340208'), ('340221', '芜湖', '', '340200', '0', '蕪湖', '340221'), ('340222', '繁昌', '', '340200', '0', '繁昌', '340222'), ('340223', '南陵', '', '340200', '0', '南陵', '340223'), ('340300', '蚌埠', '', '340000', '0', '蚌埠', '340300'), ('340302', '龙子湖', '', '340300', '0', '龍子湖', '340302'), ('340303', '蚌山', '', '340300', '0', '蚌山', '340303'), ('340304', '禹会', '', '340300', '0', '禹會', '340304'), ('340311', '淮上', '', '340300', '0', '淮上', '340311'), ('340321', '怀远', '', '340300', '0', '懷遠', '340321'), ('340322', '五河', '', '340300', '0', '五河', '340322'), ('340323', '固镇', '', '340300', '0', '固鎮', '340323'), ('340400', '淮南', '', '340000', '0', '淮南', '340400'), ('340402', '大通', '', '340400', '0', '大通', '340402'), ('340403', '田家庵', '', '340400', '0', '田家庵', '340403'), ('340404', '谢家集', '', '340400', '0', '謝家集', '340404'), ('340405', '八公山', '', '340400', '0', '八公山', '340405'), ('340406', '潘集', '', '340400', '0', '潘集', '340406'), ('340421', '凤台', '', '340400', '0', '鳳臺', '340421'), ('340500', '马鞍山', '', '340000', '0', '馬鞍山', '340500'), ('340503', '花山', '', '340500', '0', '花山', '340503'), ('340504', '雨山', '', '340500', '0', '雨山', '340504'), ('340506', '博望', '', '340500', '0', '博望', '340506'), ('340521', '当涂', '', '340500', '0', '當塗', '340521'), ('340600', '淮北', '', '340000', '0', '淮北', '340600'), ('340602', '杜集', '', '340600', '0', '杜集', '340602'), ('340603', '相山', '', '340600', '0', '相山', '340603'), ('340604', '烈山', '', '340600', '0', '烈山', '340604'), ('340621', '濉溪', '', '340600', '0', '濉溪', '340621'), ('340700', '铜陵', '', '340000', '0', '銅陵', '340700'), ('340702', '铜官山', '', '340700', '0', '銅官山', '340702'), ('340703', '狮子山', '', '340700', '0', '獅子山', '340703'), ('340711', '郊区', '', '340700', '0', '郊區', '340711'), ('340721', '铜陵', '', '340700', '0', '銅陵', '340721'), ('340800', '安庆', '', '340000', '0', '安慶', '340800'), ('340802', '迎江', '', '340800', '0', '迎江', '340802'), ('340803', '大观', '', '340800', '0', '大觀', '340803'), ('340811', '宜秀', '', '340800', '0', '宜秀', '340811'), ('340822', '怀宁', '', '340800', '0', '懷寧', '340822'), ('340823', '枞阳', '', '340800', '0', '樅陽', '340823'), ('340824', '潜山', '', '340800', '0', '潛山', '340824'), ('340825', '太湖', '', '340800', '0', '太湖', '340825'), ('340826', '宿松', '', '340800', '0', '宿松', '340826'), ('340827', '望江', '', '340800', '0', '望江', '340827'), ('340828', '岳西', '', '340800', '0', '嶽西', '340828'), ('340881', '桐城', '', '340800', '0', '桐城', '340881'), ('341000', '黄山', '', '340000', '0', '黃山', '341000'), ('341002', '屯溪', '', '341000', '0', '屯溪', '341002'), ('341003', '黄山', '', '341000', '0', '黃山', '341003'), ('341004', '徽州', '', '341000', '0', '徽州', '341004'), ('341021', '歙县', '', '341000', '0', '歙縣', '341021'), ('341022', '休宁', '', '341000', '0', '休寧', '341022'), ('341023', '黟县', '', '341000', '0', '黟縣', '341023'), ('341024', '祁门', '', '341000', '0', '祁門', '341024'), ('341100', '滁州', '', '340000', '0', '滁州', '341100'), ('341102', '琅琊', '', '341100', '0', '瑯琊', '341102'), ('341103', '南谯', '', '341100', '0', '南譙', '341103'), ('341122', '来安', '', '341100', '0', '來安', '341122'), ('341124', '全椒', '', '341100', '0', '全椒', '341124'), ('341125', '定远', '', '341100', '0', '定遠', '341125'), ('341126', '凤阳', '', '341100', '0', '鳳陽', '341126'), ('341181', '天长', '', '341100', '0', '天長', '341181'), ('341182', '明光', '', '341100', '0', '明光', '341182'), ('341200', '阜阳', '', '340000', '0', '阜陽', '341200'), ('341202', '颍州', '', '341200', '0', '潁州', '341202'), ('341203', '颍东', '', '341200', '0', '潁東', '341203'), ('341204', '颍泉', '', '341200', '0', '潁泉', '341204'), ('341221', '临泉', '', '341200', '0', '臨泉', '341221'), ('341222', '太和', '', '341200', '0', '太和', '341222'), ('341225', '阜南', '', '341200', '0', '阜南', '341225'), ('341226', '颍上', '', '341200', '0', '潁上', '341226'), ('341282', '界首', '', '341200', '0', '界首', '341282'), ('341300', '宿州', '', '340000', '0', '宿州', '341300'), ('341302', '埇桥', '', '341300', '0', '埇橋', '341302'), ('341321', '砀山', '', '341300', '0', '碭山', '341321'), ('341322', '萧县', '', '341300', '0', '蕭縣', '341322'), ('341323', '灵璧', '', '341300', '0', '靈璧', '341323'), ('341324', '泗县', '', '341300', '0', '泗縣', '341324'), ('341400', '巢湖', '', '340100', '0', '巢湖', '341400'), ('341421', '庐江', '', '340100', '0', '廬江', '341421'), ('341422', '无为', '', '340200', '0', '無為', '341422'), ('341423', '含山', '', '340500', '0', '含山', '341423'), ('341424', '和县', '', '340500', '0', '和縣', '341424'), ('341500', '六安', '', '340000', '0', '六安', '341500'), ('341502', '金安', '', '341500', '0', '金安', '341502'), ('341503', '裕安', '', '341500', '0', '裕安', '341503'), ('341521', '寿县', '', '341500', '0', '壽縣', '341521'), ('341522', '霍邱', '', '341500', '0', '霍邱', '341522'), ('341523', '舒城', '', '341500', '0', '舒城', '341523'), ('341524', '金寨', '', '341500', '0', '金寨', '341524'), ('341525', '霍山', '', '341500', '0', '霍山', '341525'), ('341600', '亳州', '', '340000', '0', '亳州', '341600'), ('341602', '谯城', '', '341600', '0', '譙城', '341602'), ('341621', '涡阳', '', '341600', '0', '渦陽', '341621'), ('341622', '蒙城', '', '341600', '0', '蒙城', '341622'), ('341623', '利辛', '', '341600', '0', '利辛', '341623'), ('341700', '池州', '', '340000', '0', '池州', '341700'), ('341702', '贵池', '', '341700', '0', '貴池', '341702'), ('341721', '东至', '', '341700', '0', '東至', '341721'), ('341722', '石台', '', '341700', '0', '石臺', '341722'), ('341723', '青阳', '', '341700', '0', '青陽', '341723'), ('341800', '宣城', '', '340000', '0', '宣城', '341800'), ('341802', '宣州', '', '341800', '0', '宣州', '341802'), ('341821', '郎溪', '', '341800', '0', '郎溪', '341821'), ('341822', '广德', '', '341800', '0', '廣德', '341822'), ('341823', '泾县', '', '341800', '0', '涇縣', '341823'), ('341824', '绩溪', '', '341800', '0', '績溪', '341824'), ('341825', '旌德', '', '341800', '0', '旌德', '341825'), ('341881', '宁国', '', '341800', '0', '寧國', '341881'), ('350000', '福建', '', '1', '0', '福建', '350000'), ('350100', '福州', '', '350000', '0', '福州', '350100'), ('350102', '鼓楼', '', '350100', '0', '鼓樓', '350102'), ('350103', '台江', '', '350100', '0', '臺江', '350103'), ('350104', '仓山', '', '350100', '0', '倉山', '350104'), ('350105', '马尾', '', '350100', '0', '馬尾', '350105'), ('350111', '晋安', '', '350100', '0', '晉安', '350111'), ('350121', '闽侯', '', '350100', '0', '閩侯', '350121'), ('350122', '连江', '', '350100', '0', '連江', '350122'), ('350123', '罗源', '', '350100', '0', '羅源', '350123'), ('350124', '闽清', '', '350100', '0', '閩清', '350124'), ('350125', '永泰', '', '350100', '0', '永泰', '350125'), ('350128', '平潭', '', '350100', '0', '平潭', '350128'), ('350181', '福清', '', '350100', '0', '福清', '350181'), ('350182', '长乐', '', '350100', '0', '長樂', '350182'), ('350200', '厦门', '', '350000', '0', '廈門', '350200'), ('350203', '思明', '', '350200', '0', '思明', '350203'), ('350205', '海沧', '', '350200', '0', '海滄', '350205'), ('350206', '湖里', '', '350200', '0', '湖裏', '350206'), ('350211', '集美', '', '350200', '0', '集美', '350211'), ('350212', '同安', '', '350200', '0', '同安', '350212'), ('350213', '翔安', '', '350200', '0', '翔安', '350213'), ('350300', '莆田', '', '350000', '0', '莆田', '350300'), ('350302', '城厢', '', '350300', '0', '城廂', '350302'), ('350303', '涵江', '', '350300', '0', '涵江', '350303'), ('350304', '荔城', '', '350300', '0', '荔城', '350304'), ('350305', '秀屿', '', '350300', '0', '秀嶼', '350305'), ('350322', '仙游', '', '350300', '0', '仙遊', '350322'), ('350400', '三明', '', '350000', '0', '三明', '350400'), ('350402', '梅列', '', '350400', '0', '梅列', '350402'), ('350403', '三元', '', '350400', '0', '三元', '350403'), ('350421', '明溪', '', '350400', '0', '明溪', '350421'), ('350423', '清流', '', '350400', '0', '清流', '350423'), ('350424', '宁化', '', '350400', '0', '寧化', '350424'), ('350425', '大田', '', '350400', '0', '大田', '350425'), ('350426', '尤溪', '', '350400', '0', '尤溪', '350426'), ('350427', '沙县', '', '350400', '0', '沙縣', '350427'), ('350428', '将乐', '', '350400', '0', '將樂', '350428'), ('350429', '泰宁', '', '350400', '0', '泰寧', '350429'), ('350430', '建宁', '', '350400', '0', '建寧', '350430'), ('350481', '永安', '', '350400', '0', '永安', '350481'), ('350500', '泉州', '', '350000', '0', '泉州', '350500'), ('350502', '鲤城', '', '350500', '0', '鯉城', '350502'), ('350503', '丰泽', '', '350500', '0', '豐澤', '350503'), ('350504', '洛江', '', '350500', '0', '洛江', '350504'), ('350505', '泉港', '', '350500', '0', '泉港', '350505'), ('350521', '惠安', '', '350500', '0', '惠安', '350521'), ('350524', '安溪', '', '350500', '0', '安溪', '350524'), ('350525', '永春', '', '350500', '0', '永春', '350525'), ('350526', '德化', '', '350500', '0', '德化', '350526'), ('350527', '金门', '', '350500', '0', '金門', '350527'), ('350581', '石狮', '', '350500', '0', '石獅', '350581'), ('350582', '晋江', '', '350500', '0', '晉江', '350582'), ('350583', '南安', '', '350500', '0', '南安', '350583'), ('350600', '漳州', '', '350000', '0', '漳州', '350600'), ('350602', '芗城', '', '350600', '0', '薌城', '350602'), ('350603', '龙文', '', '350600', '0', '龍文', '350603'), ('350622', '云霄', '', '350600', '0', '雲霄', '350622'), ('350623', '漳浦', '', '350600', '0', '漳浦', '350623'), ('350624', '诏安', '', '350600', '0', '詔安', '350624'), ('350625', '长泰', '', '350600', '0', '長泰', '350625'), ('350626', '东山', '', '350600', '0', '東山', '350626'), ('350627', '南靖', '', '350600', '0', '南靖', '350627'), ('350628', '平和', '', '350600', '0', '平和', '350628'), ('350629', '华安', '', '350600', '0', '華安', '350629'), ('350681', '龙海', '', '350600', '0', '龍海', '350681'), ('350700', '南平', '', '350000', '0', '南平', '350700'), ('350702', '延平', '', '350700', '0', '延平', '350702'), ('350721', '顺昌', '', '350700', '0', '順昌', '350721'), ('350722', '浦城', '', '350700', '0', '浦城', '350722'), ('350723', '光泽', '', '350700', '0', '光澤', '350723'), ('350724', '松溪', '', '350700', '0', '松溪', '350724'), ('350725', '政和', '', '350700', '0', '政和', '350725'), ('350781', '邵武', '', '350700', '0', '邵武', '350781'), ('350782', '武夷山', '', '350700', '0', '武夷山', '350782'), ('350783', '建瓯', '', '350700', '0', '建甌', '350783'), ('350784', '建阳', '', '350700', '0', '建陽', '350784'), ('350800', '龙岩', '', '350000', '0', '龍巖', '350800'), ('350802', '新罗', '', '350800', '0', '新羅', '350802'), ('350821', '长汀', '', '350800', '0', '長汀', '350821'), ('350822', '永定', '', '350800', '0', '永定', '350822'), ('350823', '上杭', '', '350800', '0', '上杭', '350823'), ('350824', '武平', '', '350800', '0', '武平', '350824'), ('350825', '连城', '', '350800', '0', '連城', '350825'), ('350881', '漳平', '', '350800', '0', '漳平', '350881'), ('350900', '宁德', '', '350000', '0', '寧德', '350900'), ('350902', '蕉城', '', '350900', '0', '蕉城', '350902'), ('350921', '霞浦', '', '350900', '0', '霞浦', '350921'), ('350922', '古田', '', '350900', '0', '古田', '350922'), ('350923', '屏南', '', '350900', '0', '屏南', '350923'), ('350924', '寿宁', '', '350900', '0', '壽寧', '350924'), ('350925', '周宁', '', '350900', '0', '周寧', '350925'), ('350926', '柘荣', '', '350900', '0', '柘榮', '350926'), ('350981', '福安', '', '350900', '0', '福安', '350981'), ('350982', '福鼎', '', '350900', '0', '福鼎', '350982'), ('360000', '江西', '', '1', '0', '江西', '360000'), ('360100', '南昌', '', '360000', '0', '南昌', '360100'), ('360102', '东湖', '', '360100', '0', '東湖', '360102'), ('360103', '西湖', '', '360100', '0', '西湖', '360103'), ('360104', '青云谱', '', '360100', '0', '青雲譜', '360104'), ('360105', '湾里', '', '360100', '0', '灣裏', '360105'), ('360111', '青山湖', '', '360100', '0', '青山湖', '360111'), ('360121', '南昌', '', '360100', '0', '南昌', '360121'), ('360122', '新建', '', '360100', '0', '新建', '360122'), ('360123', '安义', '', '360100', '0', '安義', '360123'), ('360124', '进贤', '', '360100', '0', '進賢', '360124'), ('360200', '景德镇', '', '360000', '0', '景德鎮', '360200'), ('360202', '昌江', '', '360200', '0', '昌江', '360202'), ('360203', '珠山', '', '360200', '0', '珠山', '360203'), ('360222', '浮梁', '', '360200', '0', '浮梁', '360222'), ('360281', '乐平', '', '360200', '0', '樂平', '360281'), ('360300', '萍乡', '', '360000', '0', '萍鄉', '360300'), ('360302', '安源', '', '360300', '0', '安源', '360302'), ('360313', '湘东', '', '360300', '0', '湘東', '360313'), ('360321', '莲花', '', '360300', '0', '蓮花', '360321'), ('360322', '上栗', '', '360300', '0', '上栗', '360322'), ('360323', '芦溪', '', '360300', '0', '蘆溪', '360323'), ('360400', '九江', '', '360000', '0', '九江', '360400'), ('360402', '庐山', '', '360400', '0', '廬山', '360402'), ('360403', '浔阳', '', '360400', '0', '潯陽', '360403'), ('360421', '九江', '', '360400', '0', '九江', '360421'), ('360423', '武宁', '', '360400', '0', '武寧', '360423'), ('360424', '修水', '', '360400', '0', '修水', '360424'), ('360425', '永修', '', '360400', '0', '永修', '360425'), ('360426', '德安', '', '360400', '0', '德安', '360426'), ('360427', '星子', '', '360400', '0', '星子', '360427'), ('360428', '都昌', '', '360400', '0', '都昌', '360428'), ('360429', '湖口', '', '360400', '0', '湖口', '360429'), ('360430', '彭泽', '', '360400', '0', '彭澤', '360430'), ('360481', '瑞昌', '', '360400', '0', '瑞昌', '360481'), ('360483', '共青城', '', '360400', '0', '共青城', '360483'), ('360500', '新余', '', '360000', '0', '新余', '360500'), ('360502', '渝水', '', '360500', '0', '渝水', '360502'), ('360521', '分宜', '', '360500', '0', '分宜', '360521'), ('360600', '鹰潭', '', '360000', '0', '鷹潭', '360600'), ('360602', '月湖', '', '360600', '0', '月湖', '360602'), ('360622', '余江', '', '360600', '0', '余江', '360622'), ('360681', '贵溪', '', '360600', '0', '貴溪', '360681'), ('360700', '赣州', '', '360000', '0', '贛州', '360700'), ('360702', '章贡', '', '360700', '0', '章貢', '360702'), ('360721', '赣县', '', '360700', '0', '贛縣', '360721'), ('360722', '信丰', '', '360700', '0', '信豐', '360722'), ('360723', '大余', '', '360700', '0', '大余', '360723'), ('360724', '上犹', '', '360700', '0', '上猶', '360724'), ('360725', '崇义', '', '360700', '0', '崇義', '360725'), ('360726', '安远', '', '360700', '0', '安遠', '360726'), ('360727', '龙南', '', '360700', '0', '龍南', '360727'), ('360728', '定南', '', '360700', '0', '定南', '360728'), ('360729', '全南', '', '360700', '0', '全南', '360729'), ('360730', '宁都', '', '360700', '0', '寧都', '360730'), ('360731', '于都', '', '360700', '0', '於都', '360731'), ('360732', '兴国', '', '360700', '0', '興國', '360732'), ('360733', '会昌', '', '360700', '0', '會昌', '360733'), ('360734', '寻乌', '', '360700', '0', '尋烏', '360734'), ('360735', '石城', '', '360700', '0', '石城', '360735'), ('360781', '瑞金', '', '360700', '0', '瑞金', '360781'), ('360782', '南康', '', '360700', '0', '南康', '360782'), ('360800', '吉安', '', '360000', '0', '吉安', '360800'), ('360802', '吉州', '', '360800', '0', '吉州', '360802'), ('360803', '青原', '', '360800', '0', '青原', '360803'), ('360821', '吉安', '', '360800', '0', '吉安', '360821'), ('360822', '吉水', '', '360800', '0', '吉水', '360822'), ('360823', '峡江', '', '360800', '0', '峽江', '360823'), ('360824', '新干', '', '360800', '0', '新幹', '360824'), ('360825', '永丰', '', '360800', '0', '永豐', '360825'), ('360826', '泰和', '', '360800', '0', '泰和', '360826'), ('360827', '遂川', '', '360800', '0', '遂川', '360827'), ('360828', '万安', '', '360800', '0', '萬安', '360828'), ('360829', '安福', '', '360800', '0', '安福', '360829'), ('360830', '永新', '', '360800', '0', '永新', '360830'), ('360881', '井冈山', '', '360800', '0', '井岡山', '360881'), ('360900', '宜春', '', '360000', '0', '宜春', '360900'), ('360902', '袁州', '', '360900', '0', '袁州', '360902'), ('360921', '奉新', '', '360900', '0', '奉新', '360921'), ('360922', '万载', '', '360900', '0', '萬載', '360922'), ('360923', '上高', '', '360900', '0', '上高', '360923'), ('360924', '宜丰', '', '360900', '0', '宜豐', '360924'), ('360925', '靖安', '', '360900', '0', '靖安', '360925'), ('360926', '铜鼓', '', '360900', '0', '銅鼓', '360926'), ('360981', '丰城', '', '360900', '0', '豐城', '360981'), ('360982', '樟树', '', '360900', '0', '樟樹', '360982'), ('360983', '高安', '', '360900', '0', '高安', '360983'), ('361000', '抚州', '', '360000', '0', '撫州', '361000'), ('361002', '临川', '', '361000', '0', '臨川', '361002'), ('361021', '南城', '', '361000', '0', '南城', '361021'), ('361022', '黎川', '', '361000', '0', '黎川', '361022'), ('361023', '南丰', '', '361000', '0', '南豐', '361023'), ('361024', '崇仁', '', '361000', '0', '崇仁', '361024'), ('361025', '乐安', '', '361000', '0', '樂安', '361025'), ('361026', '宜黄', '', '361000', '0', '宜黃', '361026'), ('361027', '金溪', '', '361000', '0', '金溪', '361027'), ('361028', '资溪', '', '361000', '0', '資溪', '361028'), ('361029', '东乡', '', '361000', '0', '東鄉', '361029'), ('361030', '广昌', '', '361000', '0', '廣昌', '361030'), ('361100', '上饶', '', '360000', '0', '上饒', '361100'), ('361102', '信州', '', '361100', '0', '信州', '361102'), ('361121', '上饶', '', '361100', '0', '上饒', '361121'), ('361122', '广丰', '', '361100', '0', '廣豐', '361122'), ('361123', '玉山', '', '361100', '0', '玉山', '361123'), ('361124', '铅山', '', '361100', '0', '鉛山', '361124'), ('361125', '横峰', '', '361100', '0', '橫峰', '361125'), ('361126', '弋阳', '', '361100', '0', '弋陽', '361126'), ('361127', '余干', '', '361100', '0', '余幹', '361127'), ('361128', '鄱阳', '', '361100', '0', '鄱陽', '361128'), ('361129', '万年', '', '361100', '0', '萬年', '361129'), ('361130', '婺源', '', '361100', '0', '婺源', '361130'), ('361181', '德兴', '', '361100', '0', '德興', '361181'), ('370000', '山东', '', '1', '0', '山東', '370000'), ('370100', '济南', '', '370000', '0', '濟南', '370100'), ('370102', '历下', '', '370100', '0', '曆下', '370102'), ('370103', '市中', '', '370100', '0', '市中', '370103'), ('370104', '槐荫', '', '370100', '0', '槐蔭', '370104'), ('370105', '天桥', '', '370100', '0', '天橋', '370105'), ('370112', '历城', '', '370100', '0', '曆城', '370112'), ('370113', '长清', '', '370100', '0', '長清', '370113'), ('370124', '平阴', '', '370100', '0', '平陰', '370124'), ('370125', '济阳', '', '370100', '0', '濟陽', '370125'), ('370126', '商河', '', '370100', '0', '商河', '370126'), ('370181', '章丘', '', '370100', '0', '章丘', '370181'), ('370200', '青岛', '', '370000', '0', '青島', '370200'), ('370202', '市南', '', '370200', '0', '市南', '370202'), ('370203', '市北', '', '370200', '0', '市北', '370203'), ('370211', '黄岛', '', '370200', '0', '黃島', '370211'), ('370212', '崂山', '', '370200', '0', '嶗山', '370212'), ('370213', '李沧', '', '370200', '0', '李滄', '370213'), ('370214', '城阳', '', '370200', '0', '城陽', '370214'), ('370281', '胶州', '', '370200', '0', '膠州', '370281'), ('370282', '即墨', '', '370200', '0', '即墨', '370282'), ('370283', '平度', '', '370200', '0', '平度', '370283'), ('370285', '莱西', '', '370200', '0', '萊西', '370285'), ('370300', '淄博', '', '370000', '0', '淄博', '370300'), ('370302', '淄川', '', '370300', '0', '淄川', '370302'), ('370303', '张店', '', '370300', '0', '張店', '370303'), ('370304', '博山', '', '370300', '0', '博山', '370304'), ('370305', '临淄', '', '370300', '0', '臨淄', '370305'), ('370306', '周村', '', '370300', '0', '周村', '370306'), ('370321', '桓台', '', '370300', '0', '桓臺', '370321'), ('370322', '高青', '', '370300', '0', '高青', '370322'), ('370323', '沂源', '', '370300', '0', '沂源', '370323'), ('370400', '枣庄', '', '370000', '0', '棗莊', '370400'), ('370402', '市中', '', '370400', '0', '市中', '370402'), ('370403', '薛城', '', '370400', '0', '薛城', '370403'), ('370404', '峄城', '', '370400', '0', '嶧城', '370404'), ('370405', '台儿庄', '', '370400', '0', '臺兒莊', '370405'), ('370406', '山亭', '', '370400', '0', '山亭', '370406'), ('370481', '滕州', '', '370400', '0', '滕州', '370481'), ('370500', '东营', '', '370000', '0', '東營', '370500'), ('370502', '东营', '', '370500', '0', '東營', '370502'), ('370503', '河口', '', '370500', '0', '河口', '370503'), ('370521', '垦利', '', '370500', '0', '墾利', '370521'), ('370522', '利津', '', '370500', '0', '利津', '370522'), ('370523', '广饶', '', '370500', '0', '廣饒', '370523'), ('370600', '烟台', '', '370000', '0', '煙臺', '370600'), ('370602', '芝罘', '', '370600', '0', '芝罘', '370602'), ('370611', '福山', '', '370600', '0', '福山', '370611'), ('370612', '牟平', '', '370600', '0', '牟平', '370612'), ('370613', '莱山', '', '370600', '0', '萊山', '370613'), ('370634', '长岛', '', '370600', '0', '長島', '370634'), ('370681', '龙口', '', '370600', '0', '龍口', '370681'), ('370682', '莱阳', '', '370600', '0', '萊陽', '370682'), ('370683', '莱州', '', '370600', '0', '萊州', '370683'), ('370684', '蓬莱', '', '370600', '0', '蓬萊', '370684'), ('370685', '招远', '', '370600', '0', '招遠', '370685'), ('370686', '栖霞', '', '370600', '0', '棲霞', '370686'), ('370687', '海阳', '', '370600', '0', '海陽', '370687'), ('370700', '潍坊', '', '370000', '0', '濰坊', '370700'), ('370702', '潍城', '', '370700', '0', '濰城', '370702'), ('370703', '寒亭', '', '370700', '0', '寒亭', '370703'), ('370704', '坊子', '', '370700', '0', '坊子', '370704'), ('370705', '奎文', '', '370700', '0', '奎文', '370705'), ('370724', '临朐', '', '370700', '0', '臨朐', '370724'), ('370725', '昌乐', '', '370700', '0', '昌樂', '370725'), ('370781', '青州', '', '370700', '0', '青州', '370781'), ('370782', '诸城', '', '370700', '0', '諸城', '370782'), ('370783', '寿光', '', '370700', '0', '壽光', '370783'), ('370784', '安丘', '', '370700', '0', '安丘', '370784'), ('370785', '高密', '', '370700', '0', '高密', '370785'), ('370786', '昌邑', '', '370700', '0', '昌邑', '370786'), ('370800', '济宁', '', '370000', '0', '濟寧', '370800'), ('370802', '市中', '', '370800', '0', '市中', '370802'), ('370811', '任城', '', '370800', '0', '任城', '370811'), ('370826', '微山', '', '370800', '0', '微山', '370826'), ('370827', '鱼台', '', '370800', '0', '魚臺', '370827'), ('370828', '金乡', '', '370800', '0', '金鄉', '370828'), ('370829', '嘉祥', '', '370800', '0', '嘉祥', '370829'), ('370830', '汶上', '', '370800', '0', '汶上', '370830'), ('370831', '泗水', '', '370800', '0', '泗水', '370831'), ('370832', '梁山', '', '370800', '0', '梁山', '370832'), ('370881', '曲阜', '', '370800', '0', '曲阜', '370881'), ('370882', '兖州', '', '370800', '0', '兗州', '370882'), ('370883', '邹城', '', '370800', '0', '鄒城', '370883'), ('370900', '泰安', '', '370000', '0', '泰安', '370900'), ('370902', '泰山', '', '370900', '0', '泰山', '370902'), ('370903', '岱岳', '', '370900', '0', '岱嶽', '370903'), ('370921', '宁阳', '', '370900', '0', '寧陽', '370921'), ('370923', '东平', '', '370900', '0', '東平', '370923'), ('370982', '新泰', '', '370900', '0', '新泰', '370982'), ('370983', '肥城', '', '370900', '0', '肥城', '370983'), ('371000', '威海', '', '370000', '0', '威海', '371000'), ('371002', '环翠', '', '371000', '0', '環翠', '371002'), ('371081', '文登', '', '371000', '0', '文登', '371081'), ('371082', '荣成', '', '371000', '0', '榮成', '371082'), ('371083', '乳山', '', '371000', '0', '乳山', '371083'), ('371100', '日照', '', '370000', '0', '日照', '371100'), ('371102', '东港', '', '371100', '0', '東港', '371102'), ('371103', '岚山', '', '371100', '0', '嵐山', '371103'), ('371121', '五莲', '', '371100', '0', '五蓮', '371121'), ('371122', '莒县', '', '371100', '0', '莒縣', '371122'), ('371200', '莱芜', '', '370000', '0', '萊蕪', '371200'), ('371202', '莱城', '', '371200', '0', '萊城', '371202'), ('371203', '钢城', '', '371200', '0', '鋼城', '371203'), ('371300', '临沂', '', '370000', '0', '臨沂', '371300'), ('371302', '兰山', '', '371300', '0', '蘭山', '371302'), ('371311', '罗庄', '', '371300', '0', '羅莊', '371311'), ('371312', '河东', '', '371300', '0', '河東', '371312'), ('371321', '沂南', '', '371300', '0', '沂南', '371321'), ('371322', '郯城', '', '371300', '0', '郯城', '371322'), ('371323', '沂水', '', '371300', '0', '沂水', '371323'), ('371324', '兰陵', '', '371300', '0', '蘭陵', '371324'), ('371325', '费县', '', '371300', '0', '費縣', '371325'), ('371326', '平邑', '', '371300', '0', '平邑', '371326'), ('371327', '莒南', '', '371300', '0', '莒南', '371327'), ('371328', '蒙阴', '', '371300', '0', '蒙陰', '371328'), ('371329', '临沭', '', '371300', '0', '臨沭', '371329'), ('371400', '德州', '', '370000', '0', '德州', '371400'), ('371402', '德城', '', '371400', '0', '德城', '371402'), ('371421', '陵城', '', '371400', '0', '陵城', '371421'), ('371422', '宁津', '', '371400', '0', '寧津', '371422'), ('371423', '庆云', '', '371400', '0', '慶雲', '371423'), ('371424', '临邑', '', '371400', '0', '臨邑', '371424'), ('371425', '齐河', '', '371400', '0', '齊河', '371425'), ('371426', '平原', '', '371400', '0', '平原', '371426'), ('371427', '夏津', '', '371400', '0', '夏津', '371427'), ('371428', '武城', '', '371400', '0', '武城', '371428'), ('371481', '乐陵', '', '371400', '0', '樂陵', '371481'), ('371482', '禹城', '', '371400', '0', '禹城', '371482'), ('371500', '聊城', '', '370000', '0', '聊城', '371500'), ('371502', '东昌府', '', '371500', '0', '東昌府', '371502'), ('371521', '阳谷', '', '371500', '0', '陽穀', '371521'), ('371522', '莘县', '', '371500', '0', '莘縣', '371522'), ('371523', '茌平', '', '371500', '0', '茌平', '371523'), ('371524', '东阿', '', '371500', '0', '東阿', '371524'), ('371525', '冠县', '', '371500', '0', '冠縣', '371525'), ('371526', '高唐', '', '371500', '0', '高唐', '371526'), ('371581', '临清', '', '371500', '0', '臨清', '371581'), ('371600', '滨州', '', '370000', '0', '濱州', '371600'), ('371602', '滨城', '', '371600', '0', '濱城', '371602'), ('371621', '惠民', '', '371600', '0', '惠民', '371621'), ('371622', '阳信', '', '371600', '0', '陽信', '371622'), ('371623', '无棣', '', '371600', '0', '無棣', '371623'), ('371624', '沾化', '', '371600', '0', '沾化', '371624'), ('371625', '博兴', '', '371600', '0', '博興', '371625'), ('371626', '邹平', '', '371600', '0', '鄒平', '371626'), ('371700', '菏泽', '', '370000', '0', '菏澤', '371700'), ('371702', '牡丹', '', '371700', '0', '牡丹', '371702'), ('371721', '曹县', '', '371700', '0', '曹縣', '371721'), ('371722', '单县', '', '371700', '0', '單縣', '371722'), ('371723', '成武', '', '371700', '0', '成武', '371723'), ('371724', '巨野', '', '371700', '0', '巨野', '371724'), ('371725', '郓城', '', '371700', '0', '鄆城', '371725'), ('371726', '鄄城', '', '371700', '0', '鄄城', '371726'), ('371727', '定陶', '', '371700', '0', '定陶', '371727'), ('371728', '东明', '', '371700', '0', '東明', '371728'), ('410000', '河南', '', '1', '0', '河南', '410000'), ('410100', '郑州', '', '410000', '0', '鄭州', '410100'), ('410102', '中原', '', '410100', '0', '中原', '410102'), ('410103', '二七', '', '410100', '0', '二七', '410103'), ('410104', '管城回族', '', '410100', '0', '管城回族', '410104'), ('410105', '金水', '', '410100', '0', '金水', '410105'), ('410106', '上街', '', '410100', '0', '上街', '410106'), ('410108', '惠济', '', '410100', '0', '惠濟', '410108'), ('410122', '中牟', '', '410100', '0', '中牟', '410122'), ('410181', '巩义', '', '410100', '0', '鞏義', '410181'), ('410182', '荥阳', '', '410100', '0', '滎陽', '410182'), ('410183', '新密', '', '410100', '0', '新密', '410183'), ('410184', '新郑', '', '410100', '0', '新鄭', '410184'), ('410185', '登封', '', '410100', '0', '登封', '410185'), ('410200', '开封', '', '410000', '0', '開封', '410200'), ('410202', '龙亭', '', '410200', '0', '龍亭', '410202'), ('410203', '顺河回族', '', '410200', '0', '順河回族', '410203'), ('410204', '鼓楼', '', '410200', '0', '鼓樓', '410204'), ('410205', '禹王台', '', '410200', '0', '禹王臺', '410205'), ('410211', '金明', '', '410200', '0', '金明', '410211'), ('410221', '杞县', '', '410200', '0', '杞縣', '410221'), ('410222', '通许', '', '410200', '0', '通許', '410222'), ('410223', '尉氏', '', '410200', '0', '尉氏', '410223'), ('410224', '祥符', '', '410200', '0', '祥符', '410224'), ('410225', '兰考', '', '410200', '0', '蘭考', '410225'), ('410300', '洛阳', '', '410000', '0', '洛陽', '410300'), ('410302', '老城', '', '410300', '0', '老城', '410302'), ('410303', '西工', '', '410300', '0', '西工', '410303'), ('410304', '瀍河回族', '', '410300', '0', '瀍河回族', '410304'), ('410305', '涧西', '', '410300', '0', '澗西', '410305'), ('410306', '吉利', '', '410300', '0', '吉利', '410306'), ('410307', '洛龙', '', '410300', '0', '洛龍', '410307'), ('410322', '孟津', '', '410300', '0', '孟津', '410322'), ('410323', '新安', '', '410300', '0', '新安', '410323'), ('410324', '栾川', '', '410300', '0', '欒川', '410324'), ('410325', '嵩县', '', '410300', '0', '嵩縣', '410325'), ('410326', '汝阳', '', '410300', '0', '汝陽', '410326'), ('410327', '宜阳', '', '410300', '0', '宜陽', '410327'), ('410328', '洛宁', '', '410300', '0', '洛寧', '410328'), ('410329', '伊川', '', '410300', '0', '伊川', '410329'), ('410381', '偃师', '', '410300', '0', '偃師', '410381'), ('410400', '平顶山', '', '410000', '0', '平頂山', '410400'), ('410402', '新华', '', '410400', '0', '新華', '410402'), ('410403', '卫东', '', '410400', '0', '衛東', '410403'), ('410404', '石龙', '', '410400', '0', '石龍', '410404'), ('410411', '湛河', '', '410400', '0', '湛河', '410411'), ('410421', '宝丰', '', '410400', '0', '寶豐', '410421'), ('410422', '叶县', '', '410400', '0', '葉縣', '410422'), ('410423', '鲁山', '', '410400', '0', '魯山', '410423'), ('410425', '郏县', '', '410400', '0', '郟縣', '410425'), ('410481', '舞钢', '', '410400', '0', '舞鋼', '410481'), ('410482', '汝州', '', '410400', '0', '汝州', '410482'), ('410500', '安阳', '', '410000', '0', '安陽', '410500'), ('410502', '文峰', '', '410500', '0', '文峰', '410502'), ('410503', '北关', '', '410500', '0', '北關', '410503'), ('410505', '殷都', '', '410500', '0', '殷都', '410505'), ('410506', '龙安', '', '410500', '0', '龍安', '410506'), ('410522', '安阳', '', '410500', '0', '安陽', '410522'), ('410523', '汤阴', '', '410500', '0', '湯陰', '410523'), ('410526', '滑县', '', '410500', '0', '滑縣', '410526'), ('410527', '内黄', '', '410500', '0', '內黃', '410527'), ('410581', '林州', '', '410500', '0', '林州', '410581'), ('410600', '鹤壁', '', '410000', '0', '鶴壁', '410600'), ('410602', '鹤山', '', '410600', '0', '鶴山', '410602'), ('410603', '山城', '', '410600', '0', '山城', '410603'), ('410611', '淇滨', '', '410600', '0', '淇濱', '410611'), ('410621', '浚县', '', '410600', '0', '浚縣', '410621'), ('410622', '淇县', '', '410600', '0', '淇縣', '410622'), ('410700', '新乡', '', '410000', '0', '新鄉', '410700'), ('410702', '红旗', '', '410700', '0', '紅旗', '410702'), ('410703', '卫滨', '', '410700', '0', '衛濱', '410703'), ('410704', '凤泉', '', '410700', '0', '鳳泉', '410704'), ('410711', '牧野', '', '410700', '0', '牧野', '410711'), ('410721', '新乡', '', '410700', '0', '新鄉', '410721'), ('410724', '获嘉', '', '410700', '0', '獲嘉', '410724'), ('410725', '原阳', '', '410700', '0', '原陽', '410725'), ('410726', '延津', '', '410700', '0', '延津', '410726'), ('410727', '封丘', '', '410700', '0', '封丘', '410727'), ('410728', '长垣', '', '410700', '0', '長垣', '410728'), ('410781', '卫辉', '', '410700', '0', '衛輝', '410781'), ('410782', '辉县', '', '410700', '0', '輝縣', '410782'), ('410800', '焦作', '', '410000', '0', '焦作', '410800'), ('410802', '解放', '', '410800', '0', '解放', '410802'), ('410803', '中站', '', '410800', '0', '中站', '410803'), ('410804', '马村', '', '410800', '0', '馬村', '410804'), ('410811', '山阳', '', '410800', '0', '山陽', '410811'), ('410821', '修武', '', '410800', '0', '修武', '410821'), ('410822', '博爱', '', '410800', '0', '博愛', '410822'), ('410823', '武陟', '', '410800', '0', '武陟', '410823'), ('410825', '温县', '', '410800', '0', '溫縣', '410825'), ('410881', '济源', '', '410000', '0', '濟源', '410881'), ('410882', '沁阳', '', '410800', '0', '沁陽', '410882'), ('410883', '孟州', '', '410800', '0', '孟州', '410883'), ('410900', '濮阳', '', '410000', '0', '濮陽', '410900'), ('410902', '华龙', '', '410900', '0', '華龍', '410902'), ('410922', '清丰', '', '410900', '0', '清豐', '410922'), ('410923', '南乐', '', '410900', '0', '南樂', '410923'), ('410926', '范县', '', '410900', '0', '範縣', '410926'), ('410927', '台前', '', '410900', '0', '臺前', '410927'), ('410928', '濮阳', '', '410900', '0', '濮陽', '410928'), ('411000', '许昌', '', '410000', '0', '許昌', '411000'), ('411002', '魏都', '', '411000', '0', '魏都', '411002'), ('411023', '许昌', '', '411000', '0', '許昌', '411023'), ('411024', '鄢陵', '', '411000', '0', '鄢陵', '411024'), ('411025', '襄城', '', '411000', '0', '襄城', '411025'), ('411081', '禹州', '', '411000', '0', '禹州', '411081'), ('411082', '长葛', '', '411000', '0', '長葛', '411082'), ('411100', '漯河', '', '410000', '0', '漯河', '411100'), ('411102', '源汇', '', '411100', '0', '源匯', '411102'), ('411103', '郾城', '', '411100', '0', '郾城', '411103'), ('411104', '召陵', '', '411100', '0', '召陵', '411104'), ('411121', '舞阳', '', '411100', '0', '舞陽', '411121'), ('411122', '临颍', '', '411100', '0', '臨潁', '411122'), ('411200', '三门峡', '', '410000', '0', '三門峽', '411200'), ('411202', '湖滨', '', '411200', '0', '湖濱', '411202'), ('411221', '渑池', '', '411200', '0', '澠池', '411221'), ('411222', '陕州', '', '411200', '0', '陝州', '411222'), ('411224', '卢氏', '', '411200', '0', '盧氏', '411224'), ('411281', '义马', '', '411200', '0', '義馬', '411281'), ('411282', '灵宝', '', '411200', '0', '靈寶', '411282'), ('411300', '南阳', '', '410000', '0', '南陽', '411300'), ('411302', '宛城', '', '411300', '0', '宛城', '411302'), ('411303', '卧龙', '', '411300', '0', '臥龍', '411303'), ('411321', '南召', '', '411300', '0', '南召', '411321'), ('411322', '方城', '', '411300', '0', '方城', '411322'), ('411323', '西峡', '', '411300', '0', '西峽', '411323'), ('411324', '镇平', '', '411300', '0', '鎮平', '411324'), ('411325', '内乡', '', '411300', '0', '內鄉', '411325'), ('411326', '淅川', '', '411300', '0', '淅川', '411326'), ('411327', '社旗县', '', '411300', '0', '社旗縣', '411327'), ('411328', '唐河', '', '411300', '0', '唐河', '411328'), ('411329', '新野', '', '411300', '0', '新野', '411329'), ('411330', '桐柏', '', '411300', '0', '桐柏', '411330'), ('411381', '邓州', '', '411300', '0', '鄧州', '411381'), ('411400', '商丘', '', '410000', '0', '商丘', '411400'), ('411402', '梁园', '', '411400', '0', '梁園', '411402'), ('411403', '睢阳', '', '411400', '0', '睢陽', '411403'), ('411421', '民权', '', '411400', '0', '民權', '411421'), ('411422', '睢县', '', '411400', '0', '睢縣', '411422'), ('411423', '宁陵', '', '411400', '0', '寧陵', '411423'), ('411424', '柘城', '', '411400', '0', '柘城', '411424'), ('411425', '虞城', '', '411400', '0', '虞城', '411425'), ('411426', '夏邑', '', '411400', '0', '夏邑', '411426'), ('411481', '永城', '', '411400', '0', '永城', '411481'), ('411500', '信阳', '', '410000', '0', '信陽', '411500'), ('411502', '浉河', '', '411500', '0', '溮河', '411502'), ('411503', '平桥', '', '411500', '0', '平橋', '411503'), ('411521', '罗山', '', '411500', '0', '羅山', '411521'), ('411522', '光山', '', '411500', '0', '光山', '411522'), ('411523', '新县', '', '411500', '0', '新縣', '411523'), ('411524', '商城', '', '411500', '0', '商城', '411524'), ('411525', '固始', '', '411500', '0', '固始', '411525'), ('411526', '潢川', '', '411500', '0', '潢川', '411526'), ('411527', '淮滨', '', '411500', '0', '淮濱', '411527'), ('411528', '息县', '', '411500', '0', '息縣', '411528'), ('411600', '周口', '', '410000', '0', '周口', '411600'), ('411602', '川汇', '', '411600', '0', '川匯', '411602'), ('411621', '扶沟', '', '411600', '0', '扶溝', '411621'), ('411622', '西华', '', '411600', '0', '西華', '411622'), ('411623', '商水', '', '411600', '0', '商水', '411623'), ('411624', '沈丘', '', '411600', '0', '沈丘', '411624'), ('411625', '郸城', '', '411600', '0', '鄲城', '411625'), ('411626', '淮阳', '', '411600', '0', '淮陽', '411626'), ('411627', '太康', '', '411600', '0', '太康', '411627'), ('411628', '鹿邑', '', '411600', '0', '鹿邑', '411628'), ('411681', '项城', '', '411600', '0', '項城', '411681'), ('411700', '驻马店', '', '410000', '0', '駐馬店', '411700'), ('411702', '驿城', '', '411700', '0', '驛城', '411702'), ('411721', '西平', '', '411700', '0', '西平', '411721'), ('411722', '上蔡', '', '411700', '0', '上蔡', '411722'), ('411723', '平舆', '', '411700', '0', '平輿', '411723'), ('411724', '正阳', '', '411700', '0', '正陽', '411724'), ('411725', '确山', '', '411700', '0', '確山', '411725'), ('411726', '泌阳', '', '411700', '0', '泌陽', '411726'), ('411727', '汝南', '', '411700', '0', '汝南', '411727'), ('411728', '遂平', '', '411700', '0', '遂平', '411728'), ('411729', '新蔡', '', '411700', '0', '新蔡', '411729'), ('420000', '湖北', '', '1', '0', '湖北', '420000'), ('420100', '武汉', '', '420000', '0', '武漢', '420100'), ('420102', '江岸', '', '420100', '0', '江岸', '420102'), ('420103', '江汉', '', '420100', '0', '江漢', '420103'), ('420104', '硚口', '', '420100', '0', '礄口', '420104'), ('420105', '汉阳', '', '420100', '0', '漢陽', '420105'), ('420106', '武昌', '', '420100', '0', '武昌', '420106'), ('420107', '青山', '', '420100', '0', '青山', '420107'), ('420111', '洪山', '', '420100', '0', '洪山', '420111'), ('420112', '东西湖', '', '420100', '0', '東西湖', '420112'), ('420113', '汉南', '', '420100', '0', '漢南', '420113'), ('420114', '蔡甸', '', '420100', '0', '蔡甸', '420114'), ('420115', '江夏', '', '420100', '0', '江夏', '420115'), ('420116', '黄陂', '', '420100', '0', '黃陂', '420116'), ('420117', '新洲', '', '420100', '0', '新洲', '420117'), ('420200', '黄石', '', '420000', '0', '黃石', '420200'), ('420202', '黄石港', '', '420200', '0', '黃石港', '420202'), ('420203', '西塞山', '', '420200', '0', '西塞山', '420203'), ('420204', '下陆', '', '420200', '0', '下陸', '420204'), ('420205', '铁山', '', '420200', '0', '鐵山', '420205'), ('420222', '阳新', '', '420200', '0', '陽新', '420222'), ('420281', '大冶', '', '420200', '0', '大冶', '420281'), ('420300', '十堰', '', '420000', '0', '十堰', '420300'), ('420302', '茅箭', '', '420300', '0', '茅箭', '420302'), ('420303', '张湾', '', '420300', '0', '張灣', '420303'), ('420321', '郧阳', '', '420300', '0', '鄖陽', '420321'), ('420322', '郧西', '', '420300', '0', '鄖西', '420322'), ('420323', '竹山', '', '420300', '0', '竹山', '420323'), ('420324', '竹溪', '', '420300', '0', '竹溪', '420324'), ('420325', '房县', '', '420300', '0', '房縣', '420325'), ('420381', '丹江口', '', '420300', '0', '丹江口', '420381'), ('420500', '宜昌', '', '420000', '0', '宜昌', '420500'), ('420502', '西陵', '', '420500', '0', '西陵', '420502'), ('420503', '伍家岗', '', '420500', '0', '伍家崗', '420503'), ('420504', '点军', '', '420500', '0', '點軍', '420504'), ('420505', '猇亭', '', '420500', '0', '猇亭', '420505'), ('420506', '夷陵', '', '420500', '0', '夷陵', '420506'), ('420525', '远安', '', '420500', '0', '遠安', '420525'), ('420526', '兴山', '', '420500', '0', '興山', '420526'), ('420527', '秭归', '', '420500', '0', '秭歸', '420527'), ('420528', '长阳', '', '420500', '0', '長陽', '420528'), ('420529', '五峰', '', '420500', '0', '五峰', '420529'), ('420581', '宜都', '', '420500', '0', '宜都', '420581'), ('420582', '当阳', '', '420500', '0', '當陽', '420582'), ('420583', '枝江', '', '420500', '0', '枝江', '420583'), ('420600', '襄阳', '', '420000', '0', '襄陽', '420600'), ('420602', '襄城', '', '420600', '0', '襄城', '420602'), ('420606', '樊城', '', '420600', '0', '樊城', '420606'), ('420607', '襄州', '', '420600', '0', '襄州', '420607'), ('420624', '南漳', '', '420600', '0', '南漳', '420624'), ('420625', '谷城', '', '420600', '0', '穀城', '420625'), ('420626', '保康', '', '420600', '0', '保康', '420626'), ('420682', '老河口', '', '420600', '0', '老河口', '420682'), ('420683', '枣阳', '', '420600', '0', '棗陽', '420683'), ('420684', '宜城', '', '420600', '0', '宜城', '420684'), ('420700', '鄂州', '', '420000', '0', '鄂州', '420700'), ('420702', '梁子湖', '', '420700', '0', '梁子湖', '420702'), ('420703', '华容', '', '420700', '0', '華容', '420703'), ('420704', '鄂城', '', '420700', '0', '鄂城', '420704'), ('420800', '荆门', '', '420000', '0', '荊門', '420800'), ('420802', '东宝', '', '420800', '0', '東寶', '420802'), ('420804', '掇刀', '', '420800', '0', '掇刀', '420804'), ('420821', '京山', '', '420800', '0', '京山', '420821'), ('420822', '沙洋', '', '420800', '0', '沙洋', '420822'), ('420881', '钟祥', '', '420800', '0', '鐘祥', '420881'), ('420900', '孝感', '', '420000', '0', '孝感', '420900'), ('420902', '孝南', '', '420900', '0', '孝南', '420902'), ('420921', '孝昌', '', '420900', '0', '孝昌', '420921'), ('420922', '大悟', '', '420900', '0', '大悟', '420922'), ('420923', '云梦', '', '420900', '0', '雲夢', '420923'), ('420981', '应城', '', '420900', '0', '應城', '420981'), ('420982', '安陆', '', '420900', '0', '安陸', '420982'), ('420984', '汉川', '', '420900', '0', '漢川', '420984'), ('421000', '荆州', '', '420000', '0', '荊州', '421000'), ('421002', '沙市', '', '421000', '0', '沙市', '421002'), ('421003', '荆州', '', '421000', '0', '荊州', '421003'), ('421022', '公安', '', '421000', '0', '公安', '421022'), ('421023', '监利', '', '421000', '0', '監利', '421023'), ('421024', '江陵', '', '421000', '0', '江陵', '421024'), ('421081', '石首', '', '421000', '0', '石首', '421081'), ('421083', '洪湖', '', '421000', '0', '洪湖', '421083'), ('421087', '松滋', '', '421000', '0', '松滋', '421087'), ('421100', '黄冈', '', '420000', '0', '黃岡', '421100'), ('421102', '黄州', '', '421100', '0', '黃州', '421102'), ('421121', '团风', '', '421100', '0', '團風', '421121'), ('421122', '红安', '', '421100', '0', '紅安', '421122'), ('421123', '罗田', '', '421100', '0', '羅田', '421123'), ('421124', '英山', '', '421100', '0', '英山', '421124'), ('421125', '浠水', '', '421100', '0', '浠水', '421125'), ('421126', '蕲春', '', '421100', '0', '蘄春', '421126'), ('421127', '黄梅', '', '421100', '0', '黃梅', '421127'), ('421181', '麻城', '', '421100', '0', '麻城', '421181'), ('421182', '武穴', '', '421100', '0', '武穴', '421182'), ('421200', '咸宁', '', '420000', '0', '鹹寧', '421200'), ('421202', '咸安', '', '421200', '0', '鹹安', '421202'), ('421221', '嘉鱼', '', '421200', '0', '嘉魚', '421221'), ('421222', '通城', '', '421200', '0', '通城', '421222'), ('421223', '崇阳', '', '421200', '0', '崇陽', '421223'), ('421224', '通山', '', '421200', '0', '通山', '421224'), ('421281', '赤壁', '', '421200', '0', '赤壁', '421281'), ('421300', '随州', '', '420000', '0', '隨州', '421300'), ('421302', '曾都', '', '421300', '0', '曾都', '421302'), ('421321', '随县', '', '421300', '0', '隨縣', '421321'), ('421381', '广水', '', '421300', '0', '廣水', '421381'), ('422800', '恩施', '', '420000', '0', '恩施', '422800'), ('422801', '恩施', '', '422800', '0', '恩施', '422801'), ('422802', '利川', '', '422800', '0', '利川', '422802'), ('422822', '建始', '', '422800', '0', '建始', '422822'), ('422823', '巴东', '', '422800', '0', '巴東', '422823'), ('422825', '宣恩', '', '422800', '0', '宣恩', '422825'), ('422826', '咸丰', '', '422800', '0', '鹹豐', '422826'), ('422827', '来凤', '', '422800', '0', '來鳳', '422827'), ('422828', '鹤峰', '', '422800', '0', '鶴峰', '422828'), ('429004', '仙桃', '', '420000', '0', '仙桃', '429004'), ('429005', '潜江', '', '420000', '0', '潛江', '429005'), ('429006', '天门', '', '420000', '0', '天門', '429006'), ('429021', '神农架', '', '420000', '0', '神農架', '429021'), ('430000', '湖南', '', '1', '0', '湖南', '430000'), ('430100', '长沙', '', '430000', '0', '長沙', '430100'), ('430102', '芙蓉', '', '430100', '0', '芙蓉', '430102'), ('430103', '天心', '', '430100', '0', '天心', '430103'), ('430104', '岳麓', '', '430100', '0', '嶽麓', '430104'), ('430105', '开福', '', '430100', '0', '開福', '430105'), ('430111', '雨花', '', '430100', '0', '雨花', '430111'), ('430121', '长沙', '', '430100', '0', '長沙', '430121'), ('430122', '望城', '', '430100', '0', '望城', '430122'), ('430124', '宁乡', '', '430100', '0', '寧鄉', '430124'), ('430181', '浏阳', '', '430100', '0', '瀏陽', '430181'), ('430200', '株洲', '', '430000', '0', '株洲', '430200'), ('430202', '荷塘', '', '430200', '0', '荷塘', '430202'), ('430203', '芦淞', '', '430200', '0', '蘆淞', '430203'), ('430204', '石峰', '', '430200', '0', '石峰', '430204'), ('430211', '天元', '', '430200', '0', '天元', '430211'), ('430221', '株洲', '', '430200', '0', '株洲', '430221'), ('430223', '攸县', '', '430200', '0', '攸縣', '430223'), ('430224', '茶陵', '', '430200', '0', '茶陵', '430224'), ('430225', '炎陵', '', '430200', '0', '炎陵', '430225'), ('430281', '醴陵', '', '430200', '0', '醴陵', '430281'), ('430300', '湘潭', '', '430000', '0', '湘潭', '430300'), ('430302', '雨湖', '', '430300', '0', '雨湖', '430302'), ('430304', '岳塘', '', '430300', '0', '嶽塘', '430304'), ('430321', '湘潭', '', '430300', '0', '湘潭', '430321'), ('430381', '湘乡', '', '430300', '0', '湘鄉', '430381'), ('430382', '韶山', '', '430300', '0', '韶山', '430382'), ('430400', '衡阳', '', '430000', '0', '衡陽', '430400'), ('430405', '珠晖', '', '430400', '0', '珠暉', '430405'), ('430406', '雁峰', '', '430400', '0', '雁峰', '430406'), ('430407', '石鼓', '', '430400', '0', '石鼓', '430407'), ('430408', '蒸湘', '', '430400', '0', '蒸湘', '430408'), ('430412', '南岳', '', '430400', '0', '南嶽', '430412'), ('430421', '衡阳', '', '430400', '0', '衡陽', '430421'), ('430422', '衡南', '', '430400', '0', '衡南', '430422'), ('430423', '衡山', '', '430400', '0', '衡山', '430423'), ('430424', '衡东', '', '430400', '0', '衡東', '430424'), ('430426', '祁东', '', '430400', '0', '祁東', '430426'), ('430481', '耒阳', '', '430400', '0', '耒陽', '430481'), ('430482', '常宁', '', '430400', '0', '常寧', '430482'), ('430500', '邵阳', '', '430000', '0', '邵陽', '430500'), ('430502', '双清', '', '430500', '0', '雙清', '430502'), ('430503', '大祥', '', '430500', '0', '大祥', '430503'), ('430511', '北塔', '', '430500', '0', '北塔', '430511'), ('430521', '邵东', '', '430500', '0', '邵東', '430521'), ('430522', '新邵', '', '430500', '0', '新邵', '430522'), ('430523', '邵阳', '', '430500', '0', '邵陽', '430523'), ('430524', '隆回', '', '430500', '0', '隆回', '430524'), ('430525', '洞口', '', '430500', '0', '洞口', '430525'), ('430527', '绥宁', '', '430500', '0', '綏寧', '430527'), ('430528', '新宁', '', '430500', '0', '新寧', '430528'), ('430529', '城步', '', '430500', '0', '城步', '430529'), ('430581', '武冈', '', '430500', '0', '武岡', '430581'), ('430600', '岳阳', '', '430000', '0', '嶽陽', '430600'), ('430602', '岳阳楼', '', '430600', '0', '嶽陽樓', '430602'), ('430603', '云溪', '', '430600', '0', '雲溪', '430603'), ('430611', '君山', '', '430600', '0', '君山', '430611'), ('430621', '岳阳', '', '430600', '0', '嶽陽', '430621'), ('430623', '华容', '', '430600', '0', '華容', '430623'), ('430624', '湘阴', '', '430600', '0', '湘陰', '430624'), ('430626', '平江', '', '430600', '0', '平江', '430626'), ('430681', '汨罗', '', '430600', '0', '汨羅', '430681'), ('430682', '临湘', '', '430600', '0', '臨湘', '430682'), ('430700', '常德', '', '430000', '0', '常德', '430700'), ('430702', '武陵', '', '430700', '0', '武陵', '430702'), ('430703', '鼎城', '', '430700', '0', '鼎城', '430703'), ('430721', '安乡', '', '430700', '0', '安鄉', '430721'), ('430722', '汉寿', '', '430700', '0', '漢壽', '430722'), ('430723', '澧县', '', '430700', '0', '澧縣', '430723'), ('430724', '临澧', '', '430700', '0', '臨澧', '430724'), ('430725', '桃源', '', '430700', '0', '桃源', '430725'), ('430726', '石门', '', '430700', '0', '石門', '430726'), ('430781', '津市', '', '430700', '0', '津市', '430781'), ('430800', '张家界', '', '430000', '0', '張家界', '430800'), ('430802', '永定', '', '430800', '0', '永定', '430802'), ('430811', '武陵源', '', '430800', '0', '武陵源', '430811'), ('430821', '慈利', '', '430800', '0', '慈利', '430821'), ('430822', '桑植', '', '430800', '0', '桑植', '430822'), ('430900', '益阳', '', '430000', '0', '益陽', '430900'), ('430902', '资阳', '', '430900', '0', '資陽', '430902'), ('430903', '赫山', '', '430900', '0', '赫山', '430903'), ('430921', '南县', '', '430900', '0', '南縣', '430921'), ('430922', '桃江', '', '430900', '0', '桃江', '430922'), ('430923', '安化', '', '430900', '0', '安化', '430923'), ('430981', '沅江', '', '430900', '0', '沅江', '430981'), ('431000', '郴州', '', '430000', '0', '郴州', '431000'), ('431002', '北湖', '', '431000', '0', '北湖', '431002'), ('431003', '苏仙', '', '431000', '0', '蘇仙', '431003'), ('431021', '桂阳', '', '431000', '0', '桂陽', '431021'), ('431022', '宜章', '', '431000', '0', '宜章', '431022'), ('431023', '永兴', '', '431000', '0', '永興', '431023'), ('431024', '嘉禾', '', '431000', '0', '嘉禾', '431024'), ('431025', '临武', '', '431000', '0', '臨武', '431025'), ('431026', '汝城', '', '431000', '0', '汝城', '431026'), ('431027', '桂东', '', '431000', '0', '桂東', '431027'), ('431028', '安仁', '', '431000', '0', '安仁', '431028'), ('431081', '资兴', '', '431000', '0', '資興', '431081'), ('431100', '永州', '', '430000', '0', '永州', '431100'), ('431102', '零陵', '', '431100', '0', '零陵', '431102'), ('431103', '冷水滩', '', '431100', '0', '冷水灘', '431103'), ('431121', '祁阳', '', '431100', '0', '祁陽', '431121'), ('431122', '东安', '', '431100', '0', '東安', '431122'), ('431123', '双牌', '', '431100', '0', '雙牌', '431123'), ('431124', '道县', '', '431100', '0', '道縣', '431124'), ('431125', '江永', '', '431100', '0', '江永', '431125'), ('431126', '宁远', '', '431100', '0', '寧遠', '431126'), ('431127', '蓝山', '', '431100', '0', '藍山', '431127'), ('431128', '新田', '', '431100', '0', '新田', '431128'), ('431129', '江华', '', '431100', '0', '江華', '431129'), ('431200', '怀化', '', '430000', '0', '懷化', '431200'), ('431202', '鹤城', '', '431200', '0', '鶴城', '431202'), ('431221', '中方', '', '431200', '0', '中方', '431221'), ('431222', '沅陵', '', '431200', '0', '沅陵', '431222'), ('431223', '辰溪', '', '431200', '0', '辰溪', '431223'), ('431224', '溆浦', '', '431200', '0', '漵浦', '431224'), ('431225', '会同', '', '431200', '0', '會同', '431225'), ('431226', '麻阳', '', '431200', '0', '麻陽', '431226'), ('431227', '新晃', '', '431200', '0', '新晃', '431227'), ('431228', '芷江', '', '431200', '0', '芷江', '431228'), ('431229', '靖州', '', '431200', '0', '靖州', '431229'), ('431230', '通道', '', '431200', '0', '通道', '431230'), ('431281', '洪江', '', '431200', '0', '洪江', '431281'), ('431300', '娄底', '', '430000', '0', '婁底', '431300'), ('431302', '娄星', '', '431300', '0', '婁星', '431302'), ('431321', '双峰', '', '431300', '0', '雙峰', '431321'), ('431322', '新化', '', '431300', '0', '新化', '431322'), ('431381', '冷水江', '', '431300', '0', '冷水江', '431381'), ('431382', '涟源', '', '431300', '0', '漣源', '431382'), ('433100', '湘西', '', '430000', '0', '湘西', '433100'), ('433101', '吉首', '', '433100', '0', '吉首', '433101'), ('433122', '泸溪', '', '433100', '0', '瀘溪', '433122'), ('433123', '凤凰', '', '433100', '0', '鳳凰', '433123'), ('433124', '花垣', '', '433100', '0', '花垣', '433124'), ('433125', '保靖', '', '433100', '0', '保靖', '433125'), ('433126', '古丈', '', '433100', '0', '古丈', '433126'), ('433127', '永顺', '', '433100', '0', '永順', '433127'), ('433130', '龙山', '', '433100', '0', '龍山', '433130'), ('440000', '广东', '', '1', '0', '廣東', '440000'), ('440100', '广州', '', '440000', '0', '廣州', '440100'), ('440103', '荔湾', '', '440100', '0', '荔灣', '440103'), ('440104', '越秀', '', '440100', '0', '越秀', '440104'), ('440105', '海珠', '', '440100', '0', '海珠', '440105'), ('440106', '天河', '', '440100', '0', '天河', '440106'), ('440111', '白云', '', '440100', '0', '白雲', '440111'), ('440112', '黄埔', '', '440100', '0', '黃埔', '440112'), ('440113', '番禺', '', '440100', '0', '番禺', '440113'), ('440114', '花都', '', '440100', '0', '花都', '440114'), ('440115', '南沙', '', '440100', '0', '南沙', '440115'), ('440116', '萝岗', '', '440100', '0', '蘿崗', '440116'), ('440183', '增城', '', '440100', '0', '增城', '440183'), ('440184', '从化', '', '440100', '0', '從化', '440184'), ('440200', '韶关', '', '440000', '0', '韶關', '440200'), ('440203', '武江', '', '440200', '0', '武江', '440203'), ('440204', '浈江', '', '440200', '0', '湞江', '440204'), ('440205', '曲江', '', '440200', '0', '曲江', '440205'), ('440222', '始兴', '', '440200', '0', '始興', '440222'), ('440224', '仁化', '', '440200', '0', '仁化', '440224'), ('440229', '翁源', '', '440200', '0', '翁源', '440229'), ('440232', '乳源', '', '440200', '0', '乳源', '440232'), ('440233', '新丰', '', '440200', '0', '新豐', '440233'), ('440281', '乐昌', '', '440200', '0', '樂昌', '440281'), ('440282', '南雄', '', '440200', '0', '南雄', '440282'), ('440300', '深圳', '', '440000', '0', '深圳', '440300'), ('440303', '罗湖', '', '440300', '0', '羅湖', '440303'), ('440304', '福田', '', '440300', '0', '福田', '440304'), ('440305', '南山', '', '440300', '0', '南山', '440305'), ('440306', '宝安', '', '440300', '0', '寶安', '440306'), ('440307', '龙岗', '', '440300', '0', '龍崗', '440307'), ('440308', '盐田', '', '440300', '0', '鹽田', '440308'), ('440400', '珠海', '', '440000', '0', '珠海', '440400'), ('440402', '香洲', '', '440400', '0', '香洲', '440402'), ('440403', '斗门', '', '440400', '0', '鬥門', '440403'), ('440404', '金湾', '', '440400', '0', '金灣', '440404'), ('440500', '汕头', '', '440000', '0', '汕頭', '440500'), ('440507', '龙湖', '', '440500', '0', '龍湖', '440507'), ('440511', '金平', '', '440500', '0', '金平', '440511'), ('440512', '濠江', '', '440500', '0', '濠江', '440512'), ('440513', '潮阳', '', '440500', '0', '潮陽', '440513'), ('440514', '潮南', '', '440500', '0', '潮南', '440514'), ('440515', '澄海', '', '440500', '0', '澄海', '440515'), ('440523', '南澳', '', '440500', '0', '南澳', '440523'), ('440600', '佛山', '', '440000', '0', '佛山', '440600'), ('440604', '禅城', '', '440600', '0', '禪城', '440604'), ('440605', '南海', '', '440600', '0', '南海', '440605'), ('440606', '顺德', '', '440600', '0', '順德', '440606'), ('440607', '三水', '', '440600', '0', '三水', '440607'), ('440608', '高明', '', '440600', '0', '高明', '440608'), ('440700', '江门', '', '440000', '0', '江門', '440700'), ('440703', '蓬江', '', '440700', '0', '蓬江', '440703'), ('440704', '江海', '', '440700', '0', '江海', '440704'), ('440705', '新会', '', '440700', '0', '新會', '440705'), ('440781', '台山', '', '440700', '0', '臺山', '440781'), ('440783', '开平', '', '440700', '0', '開平', '440783'), ('440784', '鹤山', '', '440700', '0', '鶴山', '440784'), ('440785', '恩平', '', '440700', '0', '恩平', '440785'), ('440800', '湛江', '', '440000', '0', '湛江', '440800'), ('440802', '赤坎', '', '440800', '0', '赤坎', '440802'), ('440803', '霞山', '', '440800', '0', '霞山', '440803'), ('440804', '坡头', '', '440800', '0', '坡頭', '440804'), ('440811', '麻章', '', '440800', '0', '麻章', '440811'), ('440823', '遂溪', '', '440800', '0', '遂溪', '440823'), ('440825', '徐闻', '', '440800', '0', '徐聞', '440825'), ('440881', '廉江', '', '440800', '0', '廉江', '440881'), ('440882', '雷州', '', '440800', '0', '雷州', '440882'), ('440883', '吴川', '', '440800', '0', '吳川', '440883'), ('440900', '茂名', '', '440000', '0', '茂名', '440900'), ('440902', '茂南', '', '440900', '0', '茂南', '440902'), ('440903', '电白', '', '440900', '0', '電白', '440903'), ('440981', '高州', '', '440900', '0', '高州', '440981'), ('440982', '化州', '', '440900', '0', '化州', '440982'), ('440983', '信宜', '', '440900', '0', '信宜', '440983'), ('441200', '肇庆', '', '440000', '0', '肇慶', '441200'), ('441202', '端州', '', '441200', '0', '端州', '441202'), ('441203', '鼎湖', '', '441200', '0', '鼎湖', '441203'), ('441223', '广宁', '', '441200', '0', '廣寧', '441223'), ('441224', '怀集', '', '441200', '0', '懷集', '441224'), ('441225', '封开', '', '441200', '0', '封開', '441225'), ('441226', '德庆', '', '441200', '0', '德慶', '441226');
INSERT INTO `area` VALUES ('441283', '高要', '', '441200', '0', '高要', '441283'), ('441284', '四会', '', '441200', '0', '四會', '441284'), ('441300', '惠州', '', '440000', '0', '惠州', '441300'), ('441302', '惠城', '', '441300', '0', '惠城', '441302'), ('441303', '惠阳', '', '441300', '0', '惠陽', '441303'), ('441322', '博罗', '', '441300', '0', '博羅', '441322'), ('441323', '惠东', '', '441300', '0', '惠東', '441323'), ('441324', '龙门', '', '441300', '0', '龍門', '441324'), ('441400', '梅州', '', '440000', '0', '梅州', '441400'), ('441402', '梅江', '', '441400', '0', '梅江', '441402'), ('441421', '梅县', '', '441400', '0', '梅縣', '441421'), ('441422', '大埔', '', '441400', '0', '大埔', '441422'), ('441423', '丰顺', '', '441400', '0', '豐順', '441423'), ('441424', '五华', '', '441400', '0', '五華', '441424'), ('441426', '平远', '', '441400', '0', '平遠', '441426'), ('441427', '蕉岭', '', '441400', '0', '蕉嶺', '441427'), ('441481', '兴宁', '', '441400', '0', '興寧', '441481'), ('441500', '汕尾', '', '440000', '0', '汕尾', '441500'), ('441502', '城区', '', '441500', '0', '城區', '441502'), ('441521', '海丰', '', '441500', '0', '海豐', '441521'), ('441523', '陆河', '', '441500', '0', '陸河', '441523'), ('441581', '陆丰', '', '441500', '0', '陸豐', '441581'), ('441600', '河源', '', '440000', '0', '河源', '441600'), ('441602', '源城', '', '441600', '0', '源城', '441602'), ('441621', '紫金', '', '441600', '0', '紫金', '441621'), ('441622', '龙川', '', '441600', '0', '龍川', '441622'), ('441623', '连平', '', '441600', '0', '連平', '441623'), ('441624', '和平', '', '441600', '0', '和平', '441624'), ('441625', '东源', '', '441600', '0', '東源', '441625'), ('441700', '阳江', '', '440000', '0', '陽江', '441700'), ('441702', '江城', '', '441700', '0', '江城', '441702'), ('441721', '阳西', '', '441700', '0', '陽西', '441721'), ('441723', '阳东', '', '441700', '0', '陽東', '441723'), ('441781', '阳春', '', '441700', '0', '陽春', '441781'), ('441800', '清远', '', '440000', '0', '清遠', '441800'), ('441802', '清城', '', '441800', '0', '清城', '441802'), ('441821', '佛冈', '', '441800', '0', '佛岡', '441821'), ('441823', '阳山', '', '441800', '0', '陽山', '441823'), ('441825', '连山', '', '441800', '0', '連山', '441825'), ('441826', '连南', '', '441800', '0', '連南', '441826'), ('441827', '清新', '', '441800', '0', '清新', '441827'), ('441881', '英德', '', '441800', '0', '英德', '441881'), ('441882', '连州', '', '441800', '0', '連州', '441882'), ('441900', '东莞', '', '440000', '0', '東莞', '441900'), ('442000', '中山', '', '440000', '0', '中山', '442000'), ('445100', '潮州', '', '440000', '0', '潮州', '445100'), ('445102', '湘桥', '', '445100', '0', '湘橋', '445102'), ('445121', '潮安', '', '445100', '0', '潮安', '445121'), ('445122', '饶平', '', '445100', '0', '饒平', '445122'), ('445200', '揭阳', '', '440000', '0', '揭陽', '445200'), ('445202', '榕城', '', '445200', '0', '榕城', '445202'), ('445221', '揭东', '', '445200', '0', '揭東', '445221'), ('445222', '揭西', '', '445200', '0', '揭西', '445222'), ('445224', '惠来', '', '445200', '0', '惠來', '445224'), ('445281', '普宁', '', '445200', '0', '普寧', '445281'), ('445300', '云浮', '', '440000', '0', '雲浮', '445300'), ('445302', '云城', '', '445300', '0', '雲城', '445302'), ('445321', '新兴', '', '445300', '0', '新興', '445321'), ('445322', '郁南', '', '445300', '0', '鬱南', '445322'), ('445323', '云安', '', '445300', '0', '雲安', '445323'), ('445381', '罗定', '', '445300', '0', '羅定', '445381'), ('450000', '广西', '', '1', '0', '廣西', '450000'), ('450100', '南宁', '', '450000', '0', '南寧', '450100'), ('450102', '兴宁', '', '450100', '0', '興寧', '450102'), ('450103', '青秀', '', '450100', '0', '青秀', '450103'), ('450105', '江南', '', '450100', '0', '江南', '450105'), ('450107', '西乡塘', '', '450100', '0', '西鄉塘', '450107'), ('450108', '良庆', '', '450100', '0', '良慶', '450108'), ('450109', '邕宁', '', '450100', '0', '邕寧', '450109'), ('450122', '武鸣', '', '450100', '0', '武鳴', '450122'), ('450123', '隆安', '', '450100', '0', '隆安', '450123'), ('450124', '马山', '', '450100', '0', '馬山', '450124'), ('450125', '上林', '', '450100', '0', '上林', '450125'), ('450126', '宾阳', '', '450100', '0', '賓陽', '450126'), ('450127', '横县', '', '450100', '0', '橫縣', '450127'), ('450200', '柳州', '', '450000', '0', '柳州', '450200'), ('450202', '城中', '', '450200', '0', '城中', '450202'), ('450203', '鱼峰', '', '450200', '0', '魚峰', '450203'), ('450204', '柳南', '', '450200', '0', '柳南', '450204'), ('450205', '柳北', '', '450200', '0', '柳北', '450205'), ('450221', '柳江', '', '450200', '0', '柳江', '450221'), ('450222', '柳城', '', '450200', '0', '柳城', '450222'), ('450223', '鹿寨', '', '450200', '0', '鹿寨', '450223'), ('450224', '融安', '', '450200', '0', '融安', '450224'), ('450225', '融水', '', '450200', '0', '融水', '450225'), ('450226', '三江', '', '450200', '0', '三江', '450226'), ('450300', '桂林', '', '450000', '0', '桂林', '450300'), ('450302', '秀峰', '', '450300', '0', '秀峰', '450302'), ('450303', '叠彩', '', '450300', '0', '疊彩', '450303'), ('450304', '象山', '', '450300', '0', '象山', '450304'), ('450305', '七星', '', '450300', '0', '七星', '450305'), ('450311', '雁山', '', '450300', '0', '雁山', '450311'), ('450321', '阳朔', '', '450300', '0', '陽朔', '450321'), ('450322', '临桂', '', '450300', '0', '臨桂', '450322'), ('450323', '灵川', '', '450300', '0', '靈川', '450323'), ('450324', '全州', '', '450300', '0', '全州', '450324'), ('450325', '兴安', '', '450300', '0', '興安', '450325'), ('450326', '永福', '', '450300', '0', '永福', '450326'), ('450327', '灌阳', '', '450300', '0', '灌陽', '450327'), ('450328', '龙胜', '', '450300', '0', '龍勝', '450328'), ('450329', '资源', '', '450300', '0', '資源', '450329'), ('450330', '平乐', '', '450300', '0', '平樂', '450330'), ('450331', '荔浦', '', '450300', '0', '荔浦', '450331'), ('450332', '恭城', '', '450300', '0', '恭城', '450332'), ('450400', '梧州', '', '450000', '0', '梧州', '450400'), ('450403', '万秀', '', '450400', '0', '萬秀', '450403'), ('450405', '长洲', '', '450400', '0', '長洲', '450405'), ('450406', '龙圩', '', '450400', '0', '龍圩', '450406'), ('450421', '苍梧', '', '450400', '0', '蒼梧', '450421'), ('450422', '藤县', '', '450400', '0', '藤縣', '450422'), ('450423', '蒙山', '', '450400', '0', '蒙山', '450423'), ('450481', '岑溪', '', '450400', '0', '岑溪', '450481'), ('450500', '北海', '', '450000', '0', '北海', '450500'), ('450502', '海城', '', '450500', '0', '海城', '450502'), ('450503', '银海', '', '450500', '0', '銀海', '450503'), ('450512', '铁山港', '', '450500', '0', '鐵山港', '450512'), ('450521', '合浦', '', '450500', '0', '合浦', '450521'), ('450600', '防城港', '', '450000', '0', '防城港', '450600'), ('450602', '港口', '', '450600', '0', '港口', '450602'), ('450603', '防城', '', '450600', '0', '防城', '450603'), ('450621', '上思', '', '450600', '0', '上思', '450621'), ('450681', '东兴', '', '450600', '0', '東興', '450681'), ('450700', '钦州', '', '450000', '0', '欽州', '450700'), ('450702', '钦南', '', '450700', '0', '欽南', '450702'), ('450703', '钦北', '', '450700', '0', '欽北', '450703'), ('450721', '灵山', '', '450700', '0', '靈山', '450721'), ('450722', '浦北', '', '450700', '0', '浦北', '450722'), ('450800', '贵港', '', '450000', '0', '貴港', '450800'), ('450802', '港北', '', '450800', '0', '港北', '450802'), ('450803', '港南', '', '450800', '0', '港南', '450803'), ('450804', '覃塘', '', '450800', '0', '覃塘', '450804'), ('450821', '平南', '', '450800', '0', '平南', '450821'), ('450881', '桂平', '', '450800', '0', '桂平', '450881'), ('450900', '玉林', '', '450000', '0', '玉林', '450900'), ('450902', '玉州', '', '450900', '0', '玉州', '450902'), ('450903', '福绵', '', '450900', '0', '福綿', '450903'), ('450921', '容县', '', '450900', '0', '容縣', '450921'), ('450922', '陆川', '', '450900', '0', '陸川', '450922'), ('450923', '博白', '', '450900', '0', '博白', '450923'), ('450924', '兴业', '', '450900', '0', '興業', '450924'), ('450981', '北流', '', '450900', '0', '北流', '450981'), ('451000', '百色', '', '450000', '0', '百色', '451000'), ('451002', '右江', '', '451000', '0', '右江', '451002'), ('451021', '田阳', '', '451000', '0', '田陽', '451021'), ('451022', '田东', '', '451000', '0', '田東', '451022'), ('451023', '平果', '', '451000', '0', '平果', '451023'), ('451024', '德保', '', '451000', '0', '德保', '451024'), ('451025', '靖西', '', '451000', '0', '靖西', '451025'), ('451026', '那坡', '', '451000', '0', '那坡', '451026'), ('451027', '凌云', '', '451000', '0', '淩雲', '451027'), ('451028', '乐业', '', '451000', '0', '樂業', '451028'), ('451029', '田林', '', '451000', '0', '田林', '451029'), ('451030', '西林', '', '451000', '0', '西林', '451030'), ('451031', '隆林', '', '451000', '0', '隆林', '451031'), ('451100', '贺州', '', '450000', '0', '賀州', '451100'), ('451102', '八步', '', '451100', '0', '八步', '451102'), ('451119', '平桂', '', '451100', '0', '平桂', '451119'), ('451121', '昭平', '', '451100', '0', '昭平', '451121'), ('451122', '钟山', '', '451100', '0', '鐘山', '451122'), ('451123', '富川', '', '451100', '0', '富川', '451123'), ('451200', '河池', '', '450000', '0', '河池', '451200'), ('451202', '金城江', '', '451200', '0', '金城江', '451202'), ('451221', '南丹', '', '451200', '0', '南丹', '451221'), ('451222', '天峨', '', '451200', '0', '天峨', '451222'), ('451223', '凤山', '', '451200', '0', '鳳山', '451223'), ('451224', '东兰', '', '451200', '0', '東蘭', '451224'), ('451225', '罗城', '', '451200', '0', '羅城', '451225'), ('451226', '环江', '', '451200', '0', '環江', '451226'), ('451227', '巴马', '', '451200', '0', '巴馬', '451227'), ('451228', '都安', '', '451200', '0', '都安', '451228'), ('451229', '大化', '', '451200', '0', '大化', '451229'), ('451281', '宜州', '', '451200', '0', '宜州', '451281'), ('451300', '来宾', '', '450000', '0', '來賓', '451300'), ('451302', '兴宾', '', '451300', '0', '興賓', '451302'), ('451321', '忻城', '', '451300', '0', '忻城', '451321'), ('451322', '象州', '', '451300', '0', '象州', '451322'), ('451323', '武宣', '', '451300', '0', '武宣', '451323'), ('451324', '金秀', '', '451300', '0', '金秀', '451324'), ('451381', '合山', '', '451300', '0', '合山', '451381'), ('451400', '崇左', '', '450000', '0', '崇左', '451400'), ('451402', '江州', '', '451400', '0', '江州', '451402'), ('451421', '扶绥', '', '451400', '0', '扶綏', '451421'), ('451422', '宁明', '', '451400', '0', '寧明', '451422'), ('451423', '龙州', '', '451400', '0', '龍州', '451423'), ('451424', '大新', '', '451400', '0', '大新', '451424'), ('451425', '天等', '', '451400', '0', '天等', '451425'), ('451481', '凭祥', '', '451400', '0', '憑祥', '451481'), ('460000', '海南', '', '1', '0', '海南', '460000'), ('460100', '海口', '', '460000', '0', '海口', '460100'), ('460105', '秀英', '', '460100', '0', '秀英', '460105'), ('460106', '龙华', '', '460100', '0', '龍華', '460106'), ('460107', '琼山', '', '460100', '0', '瓊山', '460107'), ('460108', '美兰', '', '460100', '0', '美蘭', '460108'), ('460200', '三亚', '', '460000', '0', '三亞', '460200'), ('460300', '三沙', '', '460000', '0', '三沙', '460300'), ('460321', '西沙', '', '460300', '0', '西沙', '460321'), ('460322', '南沙', '', '460300', '0', '南沙', '460322'), ('460323', '中沙', '', '460300', '0', '中沙', '460323'), ('469001', '五指山', '', '460000', '0', '五指山', '469001'), ('469002', '琼海', '', '460000', '0', '瓊海', '469002'), ('469003', '儋州', '', '460000', '0', '儋州', '469003'), ('469005', '文昌', '', '460000', '0', '文昌', '469005'), ('469006', '万宁', '', '460000', '0', '萬寧', '469006'), ('469007', '东方', '', '460000', '0', '東方', '469007'), ('469025', '定安', '', '460000', '0', '定安', '469025'), ('469026', '屯昌', '', '460000', '0', '屯昌', '469026'), ('469027', '澄迈', '', '460000', '0', '澄邁', '469027'), ('469028', '临高', '', '460000', '0', '臨高', '469028'), ('469030', '白沙', '', '460000', '0', '白沙', '469030'), ('469031', '昌江', '', '460000', '0', '昌江', '469031'), ('469033', '乐东', '', '460000', '0', '樂東', '469033'), ('469034', '陵水', '', '460000', '0', '陵水', '469034'), ('469035', '保亭', '', '460000', '0', '保亭', '469035'), ('469036', '琼中', '', '460000', '0', '瓊中', '469036'), ('500000', '重庆', '', '1', '0', '重慶', '500000'), ('500100', '重庆', '', '500000', '0', '重慶', '500100'), ('500101', '万州', '', '500100', '0', '萬州', '500101'), ('500102', '涪陵', '', '500100', '0', '涪陵', '500102'), ('500103', '渝中', '', '500100', '0', '渝中', '500103'), ('500104', '大渡口', '', '500100', '0', '大渡口', '500104'), ('500105', '江北', '', '500100', '0', '江北', '500105'), ('500106', '沙坪坝', '', '500100', '0', '沙坪壩', '500106'), ('500107', '九龙坡', '', '500100', '0', '九龍坡', '500107'), ('500108', '南岸', '', '500100', '0', '南岸', '500108'), ('500109', '北碚', '', '500100', '0', '北碚', '500109'), ('500110', '万盛', '', '500100', '0', '萬盛', '500110'), ('500111', '双桥', '', '500100', '0', '雙橋', '500111'), ('500112', '渝北', '', '500100', '0', '渝北', '500112'), ('500113', '巴南', '', '500100', '0', '巴南', '500113'), ('500114', '黔江', '', '500100', '0', '黔江', '500114'), ('500115', '长寿', '', '500100', '0', '長壽', '500115'), ('500222', '綦江', '', '500100', '0', '綦江', '500222'), ('500223', '潼南', '', '500100', '0', '潼南', '500223'), ('500224', '铜梁', '', '500100', '0', '銅梁', '500224'), ('500225', '大足', '', '500100', '0', '大足', '500225'), ('500226', '荣昌', '', '500100', '0', '榮昌', '500226'), ('500227', '璧山', '', '500100', '0', '璧山', '500227'), ('500228', '梁平', '', '500100', '0', '梁平', '500228'), ('500229', '城口', '', '500100', '0', '城口', '500229'), ('500230', '丰都', '', '500100', '0', '豐都', '500230'), ('500231', '垫江', '', '500100', '0', '墊江', '500231'), ('500232', '武隆', '', '500100', '0', '武隆', '500232'), ('500233', '忠县', '', '500100', '0', '忠縣', '500233'), ('500234', '开县', '', '500100', '0', '開縣', '500234'), ('500235', '云阳', '', '500100', '0', '雲陽', '500235'), ('500236', '奉节', '', '500100', '0', '奉節', '500236'), ('500237', '巫山', '', '500100', '0', '巫山', '500237'), ('500238', '巫溪', '', '500100', '0', '巫溪', '500238'), ('500240', '石柱', '', '500100', '0', '石柱', '500240'), ('500241', '秀山', '', '500100', '0', '秀山', '500241'), ('500242', '酉阳', '', '500100', '0', '酉陽', '500242'), ('500243', '彭水', '', '500100', '0', '彭水', '500243'), ('500381', '江津', '', '500100', '0', '江津', '500381'), ('500382', '合川', '', '500100', '0', '合川', '500382'), ('500383', '永川', '', '500100', '0', '永川', '500383'), ('500384', '南川', '', '500100', '0', '南川', '500384'), ('510000', '四川', '', '1', '0', '四川', '510000'), ('510100', '成都', '', '510000', '0', '成都', '510100'), ('510104', '锦江', '', '510100', '0', '錦江', '510104'), ('510105', '青羊', '', '510100', '0', '青羊', '510105'), ('510106', '金牛', '', '510100', '0', '金牛', '510106'), ('510107', '武侯', '', '510100', '0', '武侯', '510107'), ('510108', '成华', '', '510100', '0', '成華', '510108'), ('510112', '龙泉驿', '', '510100', '0', '龍泉驛', '510112'), ('510113', '青白江', '', '510100', '0', '青白江', '510113'), ('510114', '新都', '', '510100', '0', '新都', '510114'), ('510115', '温江', '', '510100', '0', '溫江', '510115'), ('510121', '金堂', '', '510100', '0', '金堂', '510121'), ('510122', '双流', '', '510100', '0', '雙流', '510122'), ('510124', '郫县', '', '510100', '0', '郫縣', '510124'), ('510129', '大邑', '', '510100', '0', '大邑', '510129'), ('510131', '蒲江', '', '510100', '0', '蒲江', '510131'), ('510132', '新津', '', '510100', '0', '新津', '510132'), ('510181', '都江堰', '', '510100', '0', '都江堰', '510181'), ('510182', '彭州', '', '510100', '0', '彭州', '510182'), ('510183', '邛崃', '', '510100', '0', '邛崍', '510183'), ('510184', '崇州', '', '510100', '0', '崇州', '510184'), ('510300', '自贡', '', '510000', '0', '自貢', '510300'), ('510302', '自流井', '', '510300', '0', '自流井', '510302'), ('510303', '贡井', '', '510300', '0', '貢井', '510303'), ('510304', '大安', '', '510300', '0', '大安', '510304'), ('510311', '沿滩', '', '510300', '0', '沿灘', '510311'), ('510321', '荣县', '', '510300', '0', '榮縣', '510321'), ('510322', '富顺', '', '510300', '0', '富順', '510322'), ('510400', '攀枝花', '', '510000', '0', '攀枝花', '510400'), ('510402', '东区', '', '510400', '0', '東區', '510402'), ('510403', '西区', '', '510400', '0', '西區', '510403'), ('510411', '仁和', '', '510400', '0', '仁和', '510411'), ('510421', '米易', '', '510400', '0', '米易', '510421'), ('510422', '盐边', '', '510400', '0', '鹽邊', '510422'), ('510500', '泸州', '', '510000', '0', '瀘州', '510500'), ('510502', '江阳', '', '510500', '0', '江陽', '510502'), ('510503', '纳溪', '', '510500', '0', '納溪', '510503'), ('510504', '龙马潭', '', '510500', '0', '龍馬潭', '510504'), ('510521', '泸县', '', '510500', '0', '瀘縣', '510521'), ('510522', '合江', '', '510500', '0', '合江', '510522'), ('510524', '叙永', '', '510500', '0', '敘永', '510524'), ('510525', '古蔺', '', '510500', '0', '古藺', '510525'), ('510600', '德阳', '', '510000', '0', '德陽', '510600'), ('510603', '旌阳', '', '510600', '0', '旌陽', '510603'), ('510623', '中江', '', '510600', '0', '中江', '510623'), ('510626', '罗江', '', '510600', '0', '羅江', '510626'), ('510681', '广汉', '', '510600', '0', '廣漢', '510681'), ('510682', '什邡', '', '510600', '0', '什邡', '510682'), ('510683', '绵竹', '', '510600', '0', '綿竹', '510683'), ('510700', '绵阳', '', '510000', '0', '綿陽', '510700'), ('510703', '涪城', '', '510700', '0', '涪城', '510703'), ('510704', '游仙', '', '510700', '0', '遊仙', '510704'), ('510722', '三台', '', '510700', '0', '三臺', '510722'), ('510723', '盐亭', '', '510700', '0', '鹽亭', '510723'), ('510724', '安县', '', '510700', '0', '安縣', '510724'), ('510725', '梓潼', '', '510700', '0', '梓潼', '510725'), ('510726', '北川', '', '510700', '0', '北川', '510726'), ('510727', '平武', '', '510700', '0', '平武', '510727'), ('510781', '江油', '', '510700', '0', '江油', '510781'), ('510800', '广元', '', '510000', '0', '廣元', '510800'), ('510802', '利州', '', '510800', '0', '利州', '510802'), ('510811', '昭化', '', '510800', '0', '昭化', '510811'), ('510812', '朝天', '', '510800', '0', '朝天', '510812'), ('510821', '旺苍', '', '510800', '0', '旺蒼', '510821'), ('510822', '青川', '', '510800', '0', '青川', '510822'), ('510823', '剑阁', '', '510800', '0', '劍閣', '510823'), ('510824', '苍溪', '', '510800', '0', '蒼溪', '510824'), ('510900', '遂宁', '', '510000', '0', '遂寧', '510900'), ('510903', '船山', '', '510900', '0', '船山', '510903'), ('510904', '安居', '', '510900', '0', '安居', '510904'), ('510921', '蓬溪', '', '510900', '0', '蓬溪', '510921'), ('510922', '射洪', '', '510900', '0', '射洪', '510922'), ('510923', '大英', '', '510900', '0', '大英', '510923'), ('511000', '内江', '', '510000', '0', '內江', '511000'), ('511002', '市中', '', '511000', '0', '市中', '511002'), ('511011', '东兴', '', '511000', '0', '東興', '511011'), ('511024', '威远', '', '511000', '0', '威遠', '511024'), ('511025', '资中', '', '511000', '0', '資中', '511025'), ('511028', '隆昌', '', '511000', '0', '隆昌', '511028'), ('511100', '乐山', '', '510000', '0', '樂山', '511100'), ('511102', '市中', '', '511100', '0', '市中', '511102'), ('511111', '沙湾', '', '511100', '0', '沙灣', '511111'), ('511112', '五通桥', '', '511100', '0', '五通橋', '511112'), ('511113', '金口河', '', '511100', '0', '金口河', '511113'), ('511123', '犍为', '', '511100', '0', '犍為', '511123'), ('511124', '井研', '', '511100', '0', '井研', '511124'), ('511126', '夹江', '', '511100', '0', '夾江', '511126'), ('511129', '沐川', '', '511100', '0', '沐川', '511129'), ('511132', '峨边', '', '511100', '0', '峨邊', '511132'), ('511133', '马边', '', '511100', '0', '馬邊', '511133'), ('511181', '峨眉山', '', '511100', '0', '峨眉山', '511181'), ('511300', '南充', '', '510000', '0', '南充', '511300'), ('511302', '顺庆', '', '511300', '0', '順慶', '511302'), ('511303', '高坪', '', '511300', '0', '高坪', '511303'), ('511304', '嘉陵', '', '511300', '0', '嘉陵', '511304'), ('511321', '南部', '', '511300', '0', '南部', '511321'), ('511322', '营山', '', '511300', '0', '營山', '511322'), ('511323', '蓬安', '', '511300', '0', '蓬安', '511323'), ('511324', '仪陇', '', '511300', '0', '儀隴', '511324'), ('511325', '西充', '', '511300', '0', '西充', '511325'), ('511381', '阆中', '', '511300', '0', '閬中', '511381'), ('511400', '眉山', '', '510000', '0', '眉山', '511400'), ('511402', '东坡', '', '511400', '0', '東坡', '511402'), ('511421', '仁寿', '', '511400', '0', '仁壽', '511421'), ('511422', '彭山', '', '511400', '0', '彭山', '511422'), ('511423', '洪雅', '', '511400', '0', '洪雅', '511423'), ('511424', '丹棱', '', '511400', '0', '丹棱', '511424'), ('511425', '青神', '', '511400', '0', '青神', '511425'), ('511500', '宜宾', '', '510000', '0', '宜賓', '511500'), ('511502', '翠屏', '', '511500', '0', '翠屏', '511502'), ('511521', '宜宾', '', '511500', '0', '宜賓', '511521'), ('511522', '南溪', '', '511500', '0', '南溪', '511522'), ('511523', '江安', '', '511500', '0', '江安', '511523'), ('511524', '长宁', '', '511500', '0', '長寧', '511524'), ('511525', '高县', '', '511500', '0', '高縣', '511525'), ('511526', '珙县', '', '511500', '0', '珙縣', '511526'), ('511527', '筠连', '', '511500', '0', '筠連', '511527'), ('511528', '兴文', '', '511500', '0', '興文', '511528'), ('511529', '屏山', '', '511500', '0', '屏山', '511529'), ('511600', '广安', '', '510000', '0', '廣安', '511600'), ('511602', '广安', '', '511600', '0', '廣安', '511602'), ('511603', '前锋', '', '511600', '0', '前鋒', '511603'), ('511621', '岳池', '', '511600', '0', '嶽池', '511621'), ('511622', '武胜', '', '511600', '0', '武勝', '511622'), ('511623', '邻水', '', '511600', '0', '鄰水', '511623'), ('511681', '华蓥', '', '511600', '0', '華鎣', '511681'), ('511700', '达州', '', '510000', '0', '達州', '511700'), ('511702', '通川', '', '511700', '0', '通川', '511702'), ('511721', '达川', '', '511700', '0', '達川', '511721'), ('511722', '宣汉', '', '511700', '0', '宣漢', '511722'), ('511723', '开江', '', '511700', '0', '開江', '511723'), ('511724', '大竹', '', '511700', '0', '大竹', '511724'), ('511725', '渠县', '', '511700', '0', '渠縣', '511725'), ('511781', '万源', '', '511700', '0', '萬源', '511781'), ('511800', '雅安', '', '510000', '0', '雅安', '511800'), ('511802', '雨城', '', '511800', '0', '雨城', '511802'), ('511821', '名山', '', '511800', '0', '名山', '511821'), ('511822', '荥经', '', '511800', '0', '滎經', '511822'), ('511823', '汉源', '', '511800', '0', '漢源', '511823'), ('511824', '石棉', '', '511800', '0', '石棉', '511824'), ('511825', '天全', '', '511800', '0', '天全', '511825'), ('511826', '芦山', '', '511800', '0', '蘆山', '511826'), ('511827', '宝兴', '', '511800', '0', '寶興', '511827'), ('511900', '巴中', '', '510000', '0', '巴中', '511900'), ('511902', '巴州', '', '511900', '0', '巴州', '511902'), ('511903', '恩阳', '', '511900', '0', '恩陽', '511903'), ('511921', '通江', '', '511900', '0', '通江', '511921'), ('511922', '南江', '', '511900', '0', '南江', '511922'), ('511923', '平昌', '', '511900', '0', '平昌', '511923'), ('512000', '资阳', '', '510000', '0', '資陽', '512000'), ('512002', '雁江', '', '512000', '0', '雁江', '512002'), ('512021', '安岳', '', '512000', '0', '安嶽', '512021'), ('512022', '乐至', '', '512000', '0', '樂至', '512022'), ('512081', '简阳', '', '512000', '0', '簡陽', '512081'), ('513200', '阿坝', '', '510000', '0', '阿壩', '513200'), ('513221', '汶川', '', '513200', '0', '汶川', '513221'), ('513222', '理县', '', '513200', '0', '理縣', '513222'), ('513223', '茂县', '', '513200', '0', '茂縣', '513223'), ('513224', '松潘', '', '513200', '0', '松潘', '513224'), ('513225', '九寨沟', '', '513200', '0', '九寨溝', '513225'), ('513226', '金川', '', '513200', '0', '金川', '513226'), ('513227', '小金', '', '513200', '0', '小金', '513227'), ('513228', '黑水', '', '513200', '0', '黑水', '513228'), ('513229', '马尔康', '', '513200', '0', '馬爾康', '513229'), ('513230', '壤塘', '', '513200', '0', '壤塘', '513230'), ('513231', '阿坝', '', '513200', '0', '阿壩', '513231'), ('513232', '若尔盖', '', '513200', '0', '若爾蓋', '513232'), ('513233', '红原', '', '513200', '0', '紅原', '513233'), ('513300', '甘孜', '', '510000', '0', '甘孜', '513300'), ('513321', '康定', '', '513300', '0', '康定', '513321'), ('513322', '泸定', '', '513300', '0', '瀘定', '513322'), ('513323', '丹巴', '', '513300', '0', '丹巴', '513323'), ('513324', '九龙', '', '513300', '0', '九龍', '513324'), ('513325', '雅江', '', '513300', '0', '雅江', '513325'), ('513326', '道孚', '', '513300', '0', '道孚', '513326'), ('513327', '炉霍', '', '513300', '0', '爐霍', '513327'), ('513328', '甘孜', '', '513300', '0', '甘孜', '513328'), ('513329', '新龙', '', '513300', '0', '新龍', '513329'), ('513330', '德格', '', '513300', '0', '德格', '513330'), ('513331', '白玉', '', '513300', '0', '白玉', '513331'), ('513332', '石渠', '', '513300', '0', '石渠', '513332'), ('513333', '色达', '', '513300', '0', '色達', '513333'), ('513334', '理塘', '', '513300', '0', '理塘', '513334'), ('513335', '巴塘', '', '513300', '0', '巴塘', '513335'), ('513336', '乡城', '', '513300', '0', '鄉城', '513336'), ('513337', '稻城', '', '513300', '0', '稻城', '513337'), ('513338', '得荣', '', '513300', '0', '得榮', '513338'), ('513400', '凉山', '', '510000', '0', '涼山', '513400'), ('513401', '西昌', '', '513400', '0', '西昌', '513401'), ('513422', '木里', '', '513400', '0', '木裏', '513422'), ('513423', '盐源', '', '513400', '0', '鹽源', '513423'), ('513424', '德昌', '', '513400', '0', '德昌', '513424'), ('513425', '会理', '', '513400', '0', '會理', '513425'), ('513426', '会东', '', '513400', '0', '會東', '513426'), ('513427', '宁南', '', '513400', '0', '寧南', '513427'), ('513428', '普格', '', '513400', '0', '普格', '513428'), ('513429', '布拖', '', '513400', '0', '布拖', '513429'), ('513430', '金阳', '', '513400', '0', '金陽', '513430'), ('513431', '昭觉', '', '513400', '0', '昭覺', '513431'), ('513432', '喜德', '', '513400', '0', '喜德', '513432'), ('513433', '冕宁', '', '513400', '0', '冕寧', '513433'), ('513434', '越西', '', '513400', '0', '越西', '513434'), ('513435', '甘洛', '', '513400', '0', '甘洛', '513435'), ('513436', '美姑', '', '513400', '0', '美姑', '513436'), ('513437', '雷波', '', '513400', '0', '雷波', '513437'), ('520000', '贵州', '', '1', '0', '貴州', '520000'), ('520100', '贵阳', '', '520000', '0', '貴陽', '520100'), ('520102', '南明', '', '520100', '0', '南明', '520102'), ('520103', '云岩', '', '520100', '0', '雲巖', '520103'), ('520111', '花溪', '', '520100', '0', '花溪', '520111'), ('520112', '乌当', '', '520100', '0', '烏當', '520112'), ('520113', '白云', '', '520100', '0', '白雲', '520113'), ('520121', '开阳', '', '520100', '0', '開陽', '520121'), ('520122', '息烽', '', '520100', '0', '息烽', '520122'), ('520123', '修文', '', '520100', '0', '修文', '520123'), ('520151', '观山湖', '', '520100', '0', '觀山湖', '520151'), ('520181', '清镇', '', '520100', '0', '清鎮', '520181'), ('520200', '六盘水', '', '520000', '0', '六盤水', '520200'), ('520201', '钟山', '', '520200', '0', '鐘山', '520201'), ('520203', '六枝特', '', '520200', '0', '六枝特', '520203'), ('520221', '水城', '', '520200', '0', '水城', '520221'), ('520222', '盘县', '', '520200', '0', '盤縣', '520222'), ('520300', '遵义', '', '520000', '0', '遵義', '520300'), ('520302', '红花岗', '', '520300', '0', '紅花崗', '520302'), ('520303', '汇川', '', '520300', '0', '匯川', '520303'), ('520321', '遵义', '', '520300', '0', '遵義', '520321'), ('520322', '桐梓', '', '520300', '0', '桐梓', '520322'), ('520323', '绥阳', '', '520300', '0', '綏陽', '520323'), ('520324', '正安', '', '520300', '0', '正安', '520324'), ('520325', '道真', '', '520300', '0', '道真', '520325'), ('520326', '务川', '', '520300', '0', '務川', '520326'), ('520327', '凤冈', '', '520300', '0', '鳳岡', '520327'), ('520328', '湄潭', '', '520300', '0', '湄潭', '520328'), ('520329', '余庆', '', '520300', '0', '余慶', '520329'), ('520330', '习水', '', '520300', '0', '習水', '520330'), ('520381', '赤水', '', '520300', '0', '赤水', '520381'), ('520382', '仁怀', '', '520300', '0', '仁懷', '520382'), ('520400', '安顺', '', '520000', '0', '安順', '520400'), ('520402', '西秀', '', '520400', '0', '西秀', '520402'), ('520421', '平坝', '', '520400', '0', '平壩', '520421'), ('520422', '普定', '', '520400', '0', '普定', '520422'), ('520423', '镇宁', '', '520400', '0', '鎮寧', '520423'), ('520424', '关岭', '', '520400', '0', '關嶺', '520424'), ('520425', '紫云', '', '520400', '0', '紫雲', '520425'), ('522200', '铜仁', '', '520000', '0', '銅仁', '522200'), ('522201', '碧江', '', '522200', '0', '碧江', '522201'), ('522222', '江口', '', '522200', '0', '江口', '522222'), ('522223', '玉屏', '', '522200', '0', '玉屏', '522223'), ('522224', '石阡', '', '522200', '0', '石阡', '522224'), ('522225', '思南', '', '522200', '0', '思南', '522225'), ('522226', '印江', '', '522200', '0', '印江', '522226'), ('522227', '德江', '', '522200', '0', '德江', '522227'), ('522228', '沿河', '', '522200', '0', '沿河', '522228'), ('522229', '松桃', '', '522200', '0', '松桃', '522229'), ('522230', '万山', '', '522200', '0', '萬山', '522230'), ('522300', '黔西南', '', '520000', '0', '黔西南', '522300'), ('522301', '兴义', '', '522300', '0', '興義', '522301'), ('522322', '兴仁', '', '522300', '0', '興仁', '522322'), ('522323', '普安', '', '522300', '0', '普安', '522323'), ('522324', '晴隆', '', '522300', '0', '晴隆', '522324'), ('522325', '贞丰', '', '522300', '0', '貞豐', '522325'), ('522326', '望谟', '', '522300', '0', '望謨', '522326'), ('522327', '册亨', '', '522300', '0', '冊亨', '522327'), ('522328', '安龙', '', '522300', '0', '安龍', '522328'), ('522400', '毕节', '', '520000', '0', '畢節', '522400'), ('522401', '七星关', '', '522400', '0', '七星關', '522401'), ('522422', '大方', '', '522400', '0', '大方', '522422'), ('522423', '黔西', '', '522400', '0', '黔西', '522423'), ('522424', '金沙', '', '522400', '0', '金沙', '522424'), ('522425', '织金', '', '522400', '0', '織金', '522425'), ('522426', '纳雍', '', '522400', '0', '納雍', '522426'), ('522427', '威宁', '', '522400', '0', '威寧', '522427'), ('522428', '赫章', '', '522400', '0', '赫章', '522428'), ('522600', '黔东南', '', '520000', '0', '黔東南', '522600'), ('522601', '凯里', '', '522600', '0', '凱裏', '522601'), ('522622', '黄平', '', '522600', '0', '黃平', '522622'), ('522623', '施秉', '', '522600', '0', '施秉', '522623'), ('522624', '三穗', '', '522600', '0', '三穗', '522624'), ('522625', '镇远', '', '522600', '0', '鎮遠', '522625'), ('522626', '岑巩', '', '522600', '0', '岑鞏', '522626'), ('522627', '天柱', '', '522600', '0', '天柱', '522627'), ('522628', '锦屏', '', '522600', '0', '錦屏', '522628'), ('522629', '剑河', '', '522600', '0', '劍河', '522629'), ('522630', '台江', '', '522600', '0', '臺江', '522630'), ('522631', '黎平', '', '522600', '0', '黎平', '522631'), ('522632', '榕江', '', '522600', '0', '榕江', '522632'), ('522633', '从江', '', '522600', '0', '從江', '522633'), ('522634', '雷山', '', '522600', '0', '雷山', '522634'), ('522635', '麻江', '', '522600', '0', '麻江', '522635'), ('522636', '丹寨', '', '522600', '0', '丹寨', '522636'), ('522700', '黔南', '', '520000', '0', '黔南', '522700'), ('522701', '都匀', '', '522700', '0', '都勻', '522701'), ('522702', '福泉', '', '522700', '0', '福泉', '522702'), ('522722', '荔波', '', '522700', '0', '荔波', '522722'), ('522723', '贵定', '', '522700', '0', '貴定', '522723'), ('522725', '瓮安', '', '522700', '0', '甕安', '522725'), ('522726', '独山', '', '522700', '0', '獨山', '522726'), ('522727', '平塘', '', '522700', '0', '平塘', '522727'), ('522728', '罗甸', '', '522700', '0', '羅甸', '522728'), ('522729', '长顺', '', '522700', '0', '長順', '522729'), ('522730', '龙里', '', '522700', '0', '龍裏', '522730'), ('522731', '惠水', '', '522700', '0', '惠水', '522731'), ('522732', '三都', '', '522700', '0', '三都', '522732'), ('530000', '云南', '', '1', '0', '雲南', '530000'), ('530100', '昆明', '', '530000', '0', '昆明', '530100'), ('530102', '五华', '', '530100', '0', '五華', '530102'), ('530103', '盘龙', '', '530100', '0', '盤龍', '530103'), ('530111', '官渡', '', '530100', '0', '官渡', '530111'), ('530112', '西山', '', '530100', '0', '西山', '530112'), ('530113', '东川', '', '530100', '0', '東川', '530113'), ('530121', '呈贡', '', '530100', '0', '呈貢', '530121'), ('530122', '晋宁', '', '530100', '0', '晉寧', '530122'), ('530124', '富民', '', '530100', '0', '富民', '530124'), ('530125', '宜良', '', '530100', '0', '宜良', '530125'), ('530126', '石林', '', '530100', '0', '石林', '530126'), ('530127', '嵩明', '', '530100', '0', '嵩明', '530127'), ('530128', '禄劝', '', '530100', '0', '祿勸', '530128'), ('530129', '寻甸', '', '530100', '0', '尋甸', '530129'), ('530181', '安宁', '', '530100', '0', '安寧', '530181'), ('530300', '曲靖', '', '530000', '0', '曲靖', '530300'), ('530302', '麒麟', '', '530300', '0', '麒麟', '530302'), ('530321', '马龙', '', '530300', '0', '馬龍', '530321'), ('530322', '陆良', '', '530300', '0', '陸良', '530322'), ('530323', '师宗', '', '530300', '0', '師宗', '530323'), ('530324', '罗平', '', '530300', '0', '羅平', '530324'), ('530325', '富源', '', '530300', '0', '富源', '530325'), ('530326', '会泽', '', '530300', '0', '會澤', '530326'), ('530328', '沾益', '', '530300', '0', '沾益', '530328'), ('530381', '宣威', '', '530300', '0', '宣威', '530381'), ('530400', '玉溪', '', '530000', '0', '玉溪', '530400'), ('530402', '红塔', '', '530400', '0', '紅塔', '530402'), ('530421', '江川', '', '530400', '0', '江川', '530421'), ('530422', '澄江', '', '530400', '0', '澄江', '530422'), ('530423', '通海', '', '530400', '0', '通海', '530423'), ('530424', '华宁', '', '530400', '0', '華寧', '530424'), ('530425', '易门', '', '530400', '0', '易門', '530425'), ('530426', '峨山', '', '530400', '0', '峨山', '530426'), ('530427', '新平', '', '530400', '0', '新平', '530427'), ('530428', '元江', '', '530400', '0', '元江', '530428'), ('530500', '保山', '', '530000', '0', '保山', '530500'), ('530502', '隆阳', '', '530500', '0', '隆陽', '530502'), ('530521', '施甸', '', '530500', '0', '施甸', '530521'), ('530522', '腾冲', '', '530500', '0', '騰沖', '530522'), ('530523', '龙陵', '', '530500', '0', '龍陵', '530523'), ('530524', '昌宁', '', '530500', '0', '昌寧', '530524'), ('530600', '昭通', '', '530000', '0', '昭通', '530600'), ('530602', '昭阳', '', '530600', '0', '昭陽', '530602'), ('530621', '鲁甸', '', '530600', '0', '魯甸', '530621'), ('530622', '巧家', '', '530600', '0', '巧家', '530622'), ('530623', '盐津', '', '530600', '0', '鹽津', '530623'), ('530624', '大关', '', '530600', '0', '大關', '530624'), ('530625', '永善', '', '530600', '0', '永善', '530625'), ('530626', '绥江', '', '530600', '0', '綏江', '530626'), ('530627', '镇雄', '', '530600', '0', '鎮雄', '530627'), ('530628', '彝良', '', '530600', '0', '彝良', '530628'), ('530629', '威信', '', '530600', '0', '威信', '530629'), ('530630', '水富', '', '530600', '0', '水富', '530630'), ('530700', '丽江', '', '530000', '0', '麗江', '530700'), ('530702', '古城', '', '530700', '0', '古城', '530702'), ('530721', '玉龙', '', '530700', '0', '玉龍', '530721'), ('530722', '永胜', '', '530700', '0', '永勝', '530722'), ('530723', '华坪', '', '530700', '0', '華坪', '530723'), ('530724', '宁蒗', '', '530700', '0', '寧蒗', '530724'), ('530800', '普洱', '', '530000', '0', '普洱', '530800'), ('530802', '思茅', '', '530800', '0', '思茅', '530802'), ('530821', '宁洱', '', '530800', '0', '寧洱', '530821'), ('530822', '墨江', '', '530800', '0', '墨江', '530822'), ('530823', '景东', '', '530800', '0', '景東', '530823'), ('530824', '景谷', '', '530800', '0', '景穀', '530824'), ('530825', '镇沅', '', '530800', '0', '鎮沅', '530825'), ('530826', '江城', '', '530800', '0', '江城', '530826'), ('530827', '孟连', '', '530800', '0', '孟連', '530827'), ('530828', '澜沧', '', '530800', '0', '瀾滄', '530828'), ('530829', '西盟', '', '530800', '0', '西盟', '530829'), ('530900', '临沧', '', '530000', '0', '臨滄', '530900'), ('530902', '临翔', '', '530900', '0', '臨翔', '530902'), ('530921', '凤庆', '', '530900', '0', '鳳慶', '530921'), ('530922', '云县', '', '530900', '0', '雲縣', '530922'), ('530923', '永德', '', '530900', '0', '永德', '530923'), ('530924', '镇康', '', '530900', '0', '鎮康', '530924'), ('530925', '双江', '', '530900', '0', '雙江', '530925'), ('530926', '耿马', '', '530900', '0', '耿馬', '530926'), ('530927', '沧源', '', '530900', '0', '滄源', '530927'), ('532300', '楚雄', '', '530000', '0', '楚雄', '532300'), ('532301', '楚雄', '', '532300', '0', '楚雄', '532301'), ('532322', '双柏', '', '532300', '0', '雙柏', '532322'), ('532323', '牟定', '', '532300', '0', '牟定', '532323'), ('532324', '南华', '', '532300', '0', '南華', '532324'), ('532325', '姚安', '', '532300', '0', '姚安', '532325'), ('532326', '大姚', '', '532300', '0', '大姚', '532326'), ('532327', '永仁', '', '532300', '0', '永仁', '532327'), ('532328', '元谋', '', '532300', '0', '元謀', '532328'), ('532329', '武定', '', '532300', '0', '武定', '532329'), ('532331', '禄丰', '', '532300', '0', '祿豐', '532331'), ('532500', '红河', '', '530000', '0', '紅河', '532500'), ('532501', '个旧', '', '532500', '0', '個舊', '532501'), ('532502', '开远', '', '532500', '0', '開遠', '532502'), ('532522', '蒙自', '', '532500', '0', '蒙自', '532522'), ('532523', '屏边', '', '532500', '0', '屏邊', '532523'), ('532524', '建水', '', '532500', '0', '建水', '532524'), ('532525', '石屏', '', '532500', '0', '石屏', '532525'), ('532526', '弥勒', '', '532500', '0', '彌勒', '532526'), ('532527', '泸西', '', '532500', '0', '瀘西', '532527'), ('532528', '元阳', '', '532500', '0', '元陽', '532528'), ('532529', '红河', '', '532500', '0', '紅河', '532529'), ('532530', '金平', '', '532500', '0', '金平', '532530'), ('532531', '绿春', '', '532500', '0', '綠春', '532531'), ('532532', '河口', '', '532500', '0', '河口', '532532'), ('532600', '文山', '', '530000', '0', '文山', '532600'), ('532621', '文山', '', '532600', '0', '文山', '532621'), ('532622', '砚山', '', '532600', '0', '硯山', '532622'), ('532623', '西畴', '', '532600', '0', '西疇', '532623'), ('532624', '麻栗坡', '', '532600', '0', '麻栗坡', '532624'), ('532625', '马关', '', '532600', '0', '馬關', '532625'), ('532626', '丘北', '', '532600', '0', '丘北', '532626'), ('532627', '广南', '', '532600', '0', '廣南', '532627'), ('532628', '富宁', '', '532600', '0', '富寧', '532628'), ('532800', '西双版纳', '', '530000', '0', '西雙版納', '532800'), ('532801', '景洪', '', '532800', '0', '景洪', '532801'), ('532822', '勐海', '', '532800', '0', '猛海', '532822'), ('532823', '勐腊', '', '532800', '0', '猛臘', '532823'), ('532900', '大理', '', '530000', '0', '大理', '532900'), ('532901', '大理', '', '532900', '0', '大理', '532901'), ('532922', '漾濞', '', '532900', '0', '漾濞', '532922'), ('532923', '祥云', '', '532900', '0', '祥雲', '532923'), ('532924', '宾川', '', '532900', '0', '賓川', '532924'), ('532925', '弥渡', '', '532900', '0', '彌渡', '532925'), ('532926', '南涧', '', '532900', '0', '南澗', '532926'), ('532927', '巍山', '', '532900', '0', '巍山', '532927'), ('532928', '永平', '', '532900', '0', '永平', '532928'), ('532929', '云龙', '', '532900', '0', '雲龍', '532929'), ('532930', '洱源', '', '532900', '0', '洱源', '532930'), ('532931', '剑川', '', '532900', '0', '劍川', '532931'), ('532932', '鹤庆', '', '532900', '0', '鶴慶', '532932'), ('533100', '德宏', '', '530000', '0', '德宏', '533100'), ('533102', '瑞丽', '', '533100', '0', '瑞麗', '533102'), ('533103', '芒市', '', '533100', '0', '芒市', '533103'), ('533122', '梁河', '', '533100', '0', '梁河', '533122'), ('533123', '盈江', '', '533100', '0', '盈江', '533123'), ('533124', '陇川', '', '533100', '0', '隴川', '533124'), ('533300', '怒江', '', '530000', '0', '怒江', '533300'), ('533321', '泸水', '', '533300', '0', '瀘水', '533321'), ('533323', '福贡', '', '533300', '0', '福貢', '533323'), ('533324', '贡山', '', '533300', '0', '貢山', '533324'), ('533325', '兰坪', '', '533300', '0', '蘭坪', '533325'), ('533400', '迪庆', '', '530000', '0', '迪慶', '533400'), ('533421', '香格里拉', '', '533400', '0', '香格裏拉', '533421'), ('533422', '德钦', '', '533400', '0', '德欽', '533422'), ('533423', '维西', '', '533400', '0', '維西', '533423'), ('540000', '西藏', '', '1', '0', '西藏', '540000'), ('540100', '拉萨', '', '540000', '0', '拉薩', '540100'), ('540102', '城关', '', '540100', '0', '城關', '540102'), ('540121', '林周', '', '540100', '0', '林周', '540121'), ('540122', '当雄', '', '540100', '0', '當雄', '540122'), ('540123', '尼木', '', '540100', '0', '尼木', '540123'), ('540124', '曲水', '', '540100', '0', '曲水', '540124'), ('540125', '堆龙德庆', '', '540100', '0', '堆龍德慶', '540125'), ('540126', '达孜', '', '540100', '0', '達孜', '540126'), ('540127', '墨竹工卡', '', '540100', '0', '墨竹工卡', '540127'), ('542100', '昌都', '', '540000', '0', '昌都', '542100'), ('542121', '卡若', '', '542100', '0', '卡若', '542121'), ('542122', '江达', '', '542100', '0', '江達', '542122'), ('542123', '贡觉', '', '542100', '0', '貢覺', '542123'), ('542124', '类乌齐', '', '542100', '0', '類烏齊', '542124'), ('542125', '丁青', '', '542100', '0', '丁青', '542125'), ('542126', '察雅', '', '542100', '0', '察雅', '542126'), ('542127', '八宿', '', '542100', '0', '八宿', '542127'), ('542128', '左贡', '', '542100', '0', '左貢', '542128'), ('542129', '芒康', '', '542100', '0', '芒康', '542129'), ('542132', '洛隆', '', '542100', '0', '洛隆', '542132'), ('542133', '边坝', '', '542100', '0', '邊壩', '542133'), ('542200', '山南', '', '540000', '0', '山南', '542200'), ('542221', '乃东', '', '542200', '0', '乃東', '542221'), ('542222', '扎囊', '', '542200', '0', '紮囊', '542222'), ('542223', '贡嘎', '', '542200', '0', '貢嘎', '542223'), ('542224', '桑日', '', '542200', '0', '桑日', '542224'), ('542225', '琼结', '', '542200', '0', '瓊結', '542225'), ('542226', '曲松', '', '542200', '0', '曲松', '542226'), ('542227', '措美', '', '542200', '0', '措美', '542227'), ('542228', '洛扎', '', '542200', '0', '洛紮', '542228'), ('542229', '加查', '', '542200', '0', '加查', '542229'), ('542231', '隆子', '', '542200', '0', '隆子', '542231'), ('542232', '错那', '', '542200', '0', '錯那', '542232'), ('542233', '浪卡子', '', '542200', '0', '浪卡子', '542233'), ('542300', '日喀则', '', '540000', '0', '日喀則', '542300'), ('542301', '桑珠孜', '', '542300', '0', '桑珠孜', '542301'), ('542322', '南木林', '', '542300', '0', '南木林', '542322'), ('542323', '江孜', '', '542300', '0', '江孜', '542323'), ('542324', '定日', '', '542300', '0', '定日', '542324'), ('542325', '萨迦', '', '542300', '0', '薩迦', '542325'), ('542326', '拉孜', '', '542300', '0', '拉孜', '542326'), ('542327', '昂仁', '', '542300', '0', '昂仁', '542327'), ('542328', '谢通门', '', '542300', '0', '謝通門', '542328'), ('542329', '白朗', '', '542300', '0', '白朗', '542329'), ('542330', '仁布', '', '542300', '0', '仁布', '542330'), ('542331', '康马', '', '542300', '0', '康馬', '542331'), ('542332', '定结', '', '542300', '0', '定結', '542332'), ('542333', '仲巴', '', '542300', '0', '仲巴', '542333'), ('542334', '亚东', '', '542300', '0', '亞東', '542334'), ('542335', '吉隆', '', '542300', '0', '吉隆', '542335'), ('542336', '聂拉木', '', '542300', '0', '聶拉木', '542336'), ('542337', '萨嘎', '', '542300', '0', '薩嘎', '542337'), ('542338', '岗巴', '', '542300', '0', '崗巴', '542338'), ('542400', '那曲', '', '540000', '0', '那曲', '542400'), ('542421', '那曲', '', '542400', '0', '那曲', '542421'), ('542422', '嘉黎', '', '542400', '0', '嘉黎', '542422'), ('542423', '比如', '', '542400', '0', '比如', '542423'), ('542424', '聂荣', '', '542400', '0', '聶榮', '542424'), ('542425', '安多', '', '542400', '0', '安多', '542425'), ('542426', '申扎', '', '542400', '0', '申紮', '542426'), ('542427', '索县', '', '542400', '0', '索縣', '542427'), ('542428', '班戈', '', '542400', '0', '班戈', '542428'), ('542429', '巴青', '', '542400', '0', '巴青', '542429'), ('542430', '尼玛', '', '542400', '0', '尼瑪', '542430'), ('542432', '双湖', '', '542400', '0', '雙湖', '542432'), ('542500', '阿里', '', '540000', '0', '阿裏', '542500'), ('542521', '普兰', '', '542500', '0', '普蘭', '542521'), ('542522', '札达', '', '542500', '0', '劄達', '542522'), ('542523', '噶尔', '', '542500', '0', '噶爾', '542523'), ('542524', '日土', '', '542500', '0', '日土', '542524'), ('542525', '革吉', '', '542500', '0', '革吉', '542525'), ('542526', '改则', '', '542500', '0', '改則', '542526'), ('542527', '措勤', '', '542500', '0', '措勤', '542527'), ('542600', '林芝', '', '540000', '0', '林芝', '542600'), ('542621', '巴宜', '', '542600', '0', '巴宜', '542621'), ('542622', '工布江达', '', '542600', '0', '工布江達', '542622'), ('542623', '米林', '', '542600', '0', '米林', '542623'), ('542624', '墨脱', '', '542600', '0', '墨脫', '542624'), ('542625', '波密', '', '542600', '0', '波密', '542625'), ('542626', '察隅', '', '542600', '0', '察隅', '542626'), ('542627', '朗县', '', '542600', '0', '朗縣', '542627'), ('610000', '陕西', '', '1', '0', '陝西', '610000'), ('610100', '西安', '', '610000', '0', '西安', '610100'), ('610102', '新城', '', '610100', '0', '新城', '610102'), ('610103', '碑林', '', '610100', '0', '碑林', '610103'), ('610104', '莲湖', '', '610100', '0', '蓮湖', '610104'), ('610111', '灞桥', '', '610100', '0', '灞橋', '610111'), ('610112', '未央', '', '610100', '0', '未央', '610112'), ('610113', '雁塔', '', '610100', '0', '雁塔', '610113'), ('610114', '阎良', '', '610100', '0', '閻良', '610114'), ('610115', '临潼', '', '610100', '0', '臨潼', '610115'), ('610116', '长安', '', '610100', '0', '長安', '610116'), ('610122', '蓝田', '', '610100', '0', '藍田', '610122'), ('610124', '周至', '', '610100', '0', '周至', '610124'), ('610125', '户县', '', '610100', '0', '戶縣', '610125'), ('610126', '高陵', '', '610100', '0', '高陵', '610126'), ('610200', '铜川', '', '610000', '0', '銅川', '610200'), ('610202', '王益', '', '610200', '0', '王益', '610202'), ('610203', '印台', '', '610200', '0', '印臺', '610203'), ('610204', '耀州', '', '610200', '0', '耀州', '610204'), ('610222', '宜君', '', '610200', '0', '宜君', '610222'), ('610300', '宝鸡', '', '610000', '0', '寶雞', '610300'), ('610302', '渭滨', '', '610300', '0', '渭濱', '610302'), ('610303', '金台', '', '610300', '0', '金臺', '610303'), ('610304', '陈仓', '', '610300', '0', '陳倉', '610304'), ('610322', '凤翔', '', '610300', '0', '鳳翔', '610322'), ('610323', '岐山', '', '610300', '0', '岐山', '610323'), ('610324', '扶风', '', '610300', '0', '扶風', '610324'), ('610326', '眉县', '', '610300', '0', '眉縣', '610326'), ('610327', '陇县', '', '610300', '0', '隴縣', '610327'), ('610328', '千阳', '', '610300', '0', '千陽', '610328'), ('610329', '麟游', '', '610300', '0', '麟遊', '610329'), ('610330', '凤县', '', '610300', '0', '鳳縣', '610330'), ('610331', '太白', '', '610300', '0', '太白', '610331'), ('610400', '咸阳', '', '610000', '0', '鹹陽', '610400'), ('610402', '秦都', '', '610400', '0', '秦都', '610402'), ('610403', '杨陵', '', '610400', '0', '楊陵', '610403'), ('610404', '渭城', '', '610400', '0', '渭城', '610404'), ('610422', '三原', '', '610400', '0', '三原', '610422'), ('610423', '泾阳', '', '610400', '0', '涇陽', '610423'), ('610424', '乾县', '', '610400', '0', '乾縣', '610424'), ('610425', '礼泉', '', '610400', '0', '禮泉', '610425'), ('610426', '永寿', '', '610400', '0', '永壽', '610426'), ('610427', '彬县', '', '610400', '0', '彬縣', '610427'), ('610428', '长武', '', '610400', '0', '長武', '610428'), ('610429', '旬邑', '', '610400', '0', '旬邑', '610429'), ('610430', '淳化', '', '610400', '0', '淳化', '610430'), ('610431', '武功', '', '610400', '0', '武功', '610431'), ('610481', '兴平', '', '610400', '0', '興平', '610481'), ('610500', '渭南', '', '610000', '0', '渭南', '610500'), ('610502', '临渭', '', '610500', '0', '臨渭', '610502'), ('610521', '华县', '', '610500', '0', '華縣', '610521'), ('610522', '潼关', '', '610500', '0', '潼關', '610522'), ('610523', '大荔', '', '610500', '0', '大荔', '610523'), ('610524', '合阳', '', '610500', '0', '合陽', '610524'), ('610525', '澄城', '', '610500', '0', '澄城', '610525'), ('610526', '蒲城', '', '610500', '0', '蒲城', '610526'), ('610527', '白水', '', '610500', '0', '白水', '610527'), ('610528', '富平', '', '610500', '0', '富平', '610528'), ('610581', '韩城', '', '610500', '0', '韓城', '610581'), ('610582', '华阴', '', '610500', '0', '華陰', '610582'), ('610600', '延安', '', '610000', '0', '延安', '610600'), ('610602', '宝塔', '', '610600', '0', '寶塔', '610602'), ('610621', '延长', '', '610600', '0', '延長', '610621'), ('610622', '延川', '', '610600', '0', '延川', '610622'), ('610623', '子长', '', '610600', '0', '子長', '610623'), ('610624', '安塞', '', '610600', '0', '安塞', '610624'), ('610625', '志丹', '', '610600', '0', '志丹', '610625'), ('610626', '吴起', '', '610600', '0', '吳起', '610626'), ('610627', '甘泉', '', '610600', '0', '甘泉', '610627'), ('610628', '富县', '', '610600', '0', '富縣', '610628'), ('610629', '洛川', '', '610600', '0', '洛川', '610629'), ('610630', '宜川', '', '610600', '0', '宜川', '610630'), ('610631', '黄龙', '', '610600', '0', '黃龍', '610631'), ('610632', '黄陵', '', '610600', '0', '黃陵', '610632'), ('610700', '汉中', '', '610000', '0', '漢中', '610700'), ('610702', '汉台', '', '610700', '0', '漢臺', '610702'), ('610721', '南郑', '', '610700', '0', '南鄭', '610721'), ('610722', '城固', '', '610700', '0', '城固', '610722'), ('610723', '洋县', '', '610700', '0', '洋縣', '610723'), ('610724', '西乡', '', '610700', '0', '西鄉', '610724'), ('610725', '勉县', '', '610700', '0', '勉縣', '610725'), ('610726', '宁强', '', '610700', '0', '寧強', '610726'), ('610727', '略阳', '', '610700', '0', '略陽', '610727'), ('610728', '镇巴', '', '610700', '0', '鎮巴', '610728'), ('610729', '留坝', '', '610700', '0', '留壩', '610729'), ('610730', '佛坪', '', '610700', '0', '佛坪', '610730'), ('610800', '榆林', '', '610000', '0', '榆林', '610800'), ('610802', '榆阳', '', '610800', '0', '榆陽', '610802'), ('610821', '神木', '', '610800', '0', '神木', '610821'), ('610822', '府谷', '', '610800', '0', '府穀', '610822'), ('610823', '横山', '', '610800', '0', '橫山', '610823'), ('610824', '靖边', '', '610800', '0', '靖邊', '610824'), ('610825', '定边', '', '610800', '0', '定邊', '610825'), ('610826', '绥德', '', '610800', '0', '綏德', '610826'), ('610827', '米脂', '', '610800', '0', '米脂', '610827'), ('610828', '佳县', '', '610800', '0', '佳縣', '610828'), ('610829', '吴堡', '', '610800', '0', '吳堡', '610829'), ('610830', '清涧', '', '610800', '0', '清澗', '610830'), ('610831', '子洲', '', '610800', '0', '子洲', '610831'), ('610900', '安康', '', '610000', '0', '安康', '610900'), ('610902', '汉滨', '', '610900', '0', '漢濱', '610902'), ('610921', '汉阴', '', '610900', '0', '漢陰', '610921'), ('610922', '石泉', '', '610900', '0', '石泉', '610922'), ('610923', '宁陕', '', '610900', '0', '寧陝', '610923'), ('610924', '紫阳', '', '610900', '0', '紫陽', '610924'), ('610925', '岚皋', '', '610900', '0', '嵐皋', '610925'), ('610926', '平利', '', '610900', '0', '平利', '610926'), ('610927', '镇坪', '', '610900', '0', '鎮坪', '610927'), ('610928', '旬阳', '', '610900', '0', '旬陽', '610928'), ('610929', '白河', '', '610900', '0', '白河', '610929'), ('611000', '商洛', '', '610000', '0', '商洛', '611000'), ('611002', '商州', '', '611000', '0', '商州', '611002'), ('611021', '洛南', '', '611000', '0', '洛南', '611021'), ('611022', '丹凤', '', '611000', '0', '丹鳳', '611022'), ('611023', '商南', '', '611000', '0', '商南', '611023'), ('611024', '山阳', '', '611000', '0', '山陽', '611024'), ('611025', '镇安', '', '611000', '0', '鎮安', '611025'), ('611026', '柞水', '', '611000', '0', '柞水', '611026'), ('620000', '甘肃', '', '1', '0', '甘肅', '620000'), ('620100', '兰州', '', '620000', '0', '蘭州', '620100'), ('620102', '城关', '', '620100', '0', '城關', '620102'), ('620103', '七里河', '', '620100', '0', '七裏河', '620103'), ('620104', '西固', '', '620100', '0', '西固', '620104'), ('620105', '安宁', '', '620100', '0', '安寧', '620105'), ('620111', '红古', '', '620100', '0', '紅古', '620111'), ('620121', '永登', '', '620100', '0', '永登', '620121'), ('620122', '皋兰', '', '620100', '0', '皋蘭', '620122'), ('620123', '榆中', '', '620100', '0', '榆中', '620123'), ('620200', '嘉峪关', '', '620000', '0', '嘉峪關', '620200'), ('620300', '金昌', '', '620000', '0', '金昌', '620300'), ('620302', '金川', '', '620300', '0', '金川', '620302'), ('620321', '永昌', '', '620300', '0', '永昌', '620321'), ('620400', '白银', '', '620000', '0', '白銀', '620400'), ('620402', '白银', '', '620400', '0', '白銀', '620402'), ('620403', '平川', '', '620400', '0', '平川', '620403'), ('620421', '靖远', '', '620400', '0', '靖遠', '620421'), ('620422', '会宁', '', '620400', '0', '會寧', '620422'), ('620423', '景泰', '', '620400', '0', '景泰', '620423'), ('620500', '天水', '', '620000', '0', '天水', '620500'), ('620502', '秦州', '', '620500', '0', '秦州', '620502'), ('620503', '麦积', '', '620500', '0', '麥積', '620503'), ('620521', '清水', '', '620500', '0', '清水', '620521'), ('620522', '秦安', '', '620500', '0', '秦安', '620522'), ('620523', '甘谷', '', '620500', '0', '甘穀', '620523'), ('620524', '武山', '', '620500', '0', '武山', '620524'), ('620525', '张家川', '', '620500', '0', '張家川', '620525'), ('620600', '武威', '', '620000', '0', '武威', '620600'), ('620602', '凉州', '', '620600', '0', '涼州', '620602'), ('620621', '民勤', '', '620600', '0', '民勤', '620621'), ('620622', '古浪', '', '620600', '0', '古浪', '620622'), ('620623', '天祝', '', '620600', '0', '天祝', '620623'), ('620700', '张掖', '', '620000', '0', '張掖', '620700'), ('620702', '甘州', '', '620700', '0', '甘州', '620702'), ('620721', '肃南', '', '620700', '0', '肅南', '620721'), ('620722', '民乐', '', '620700', '0', '民樂', '620722'), ('620723', '临泽', '', '620700', '0', '臨澤', '620723'), ('620724', '高台', '', '620700', '0', '高臺', '620724'), ('620725', '山丹', '', '620700', '0', '山丹', '620725'), ('620800', '平凉', '', '620000', '0', '平涼', '620800'), ('620802', '崆峒', '', '620800', '0', '崆峒', '620802'), ('620821', '泾川', '', '620800', '0', '涇川', '620821'), ('620822', '灵台', '', '620800', '0', '靈臺', '620822'), ('620823', '崇信', '', '620800', '0', '崇信', '620823'), ('620824', '华亭', '', '620800', '0', '華亭', '620824'), ('620825', '庄浪', '', '620800', '0', '莊浪', '620825'), ('620826', '静宁', '', '620800', '0', '靜寧', '620826'), ('620900', '酒泉', '', '620000', '0', '酒泉', '620900'), ('620902', '肃州', '', '620900', '0', '肅州', '620902'), ('620921', '金塔', '', '620900', '0', '金塔', '620921'), ('620922', '瓜州', '', '620900', '0', '瓜州', '620922'), ('620923', '肃北', '', '620900', '0', '肅北', '620923'), ('620924', '阿克塞', '', '620900', '0', '阿克塞', '620924'), ('620981', '玉门', '', '620900', '0', '玉門', '620981'), ('620982', '敦煌', '', '620900', '0', '敦煌', '620982'), ('621000', '庆阳', '', '620000', '0', '慶陽', '621000'), ('621002', '西峰', '', '621000', '0', '西峰', '621002'), ('621021', '庆城', '', '621000', '0', '慶城', '621021'), ('621022', '环县', '', '621000', '0', '環縣', '621022'), ('621023', '华池', '', '621000', '0', '華池', '621023'), ('621024', '合水', '', '621000', '0', '合水', '621024'), ('621025', '正宁', '', '621000', '0', '正寧', '621025'), ('621026', '宁县', '', '621000', '0', '寧縣', '621026'), ('621027', '镇原', '', '621000', '0', '鎮原', '621027'), ('621100', '定西', '', '620000', '0', '定西', '621100'), ('621102', '安定', '', '621100', '0', '安定', '621102'), ('621121', '通渭', '', '621100', '0', '通渭', '621121'), ('621122', '陇西', '', '621100', '0', '隴西', '621122'), ('621123', '渭源', '', '621100', '0', '渭源', '621123'), ('621124', '临洮', '', '621100', '0', '臨洮', '621124'), ('621125', '漳县', '', '621100', '0', '漳縣', '621125'), ('621126', '岷县', '', '621100', '0', '岷縣', '621126'), ('621200', '陇南', '', '620000', '0', '隴南', '621200'), ('621202', '武都', '', '621200', '0', '武都', '621202'), ('621221', '成县', '', '621200', '0', '成縣', '621221'), ('621222', '文县', '', '621200', '0', '文縣', '621222'), ('621223', '宕昌', '', '621200', '0', '宕昌', '621223'), ('621224', '康县', '', '621200', '0', '康縣', '621224'), ('621225', '西和', '', '621200', '0', '西和', '621225'), ('621226', '礼县', '', '621200', '0', '禮縣', '621226'), ('621227', '徽县', '', '621200', '0', '徽縣', '621227'), ('621228', '两当', '', '621200', '0', '兩當', '621228'), ('622900', '临夏', '', '620000', '0', '臨夏', '622900'), ('622901', '临夏市', '', '622900', '0', '臨夏市', '622901'), ('622921', '临夏县', '', '622900', '0', '臨夏縣', '622921'), ('622922', '康乐', '', '622900', '0', '康樂', '622922'), ('622923', '永靖', '', '622900', '0', '永靖', '622923'), ('622924', '广河', '', '622900', '0', '廣河', '622924'), ('622925', '和政', '', '622900', '0', '和政', '622925'), ('622926', '东乡', '', '622900', '0', '東鄉', '622926'), ('622927', '积石山', '', '622900', '0', '積石山', '622927'), ('623000', '甘南', '', '620000', '0', '甘南', '623000'), ('623001', '合作', '', '623000', '0', '合作', '623001'), ('623021', '临潭', '', '623000', '0', '臨潭', '623021'), ('623022', '卓尼', '', '623000', '0', '卓尼', '623022'), ('623023', '舟曲', '', '623000', '0', '舟曲', '623023'), ('623024', '迭部', '', '623000', '0', '迭部', '623024'), ('623025', '玛曲', '', '623000', '0', '瑪曲', '623025'), ('623026', '碌曲', '', '623000', '0', '碌曲', '623026'), ('623027', '夏河', '', '623000', '0', '夏河', '623027'), ('630000', '青海', '', '1', '0', '青海', '630000'), ('630100', '西宁', '', '630000', '0', '西寧', '630100'), ('630102', '城东', '', '630100', '0', '城東', '630102'), ('630103', '城中', '', '630100', '0', '城中', '630103'), ('630104', '城西', '', '630100', '0', '城西', '630104'), ('630105', '城北', '', '630100', '0', '城北', '630105'), ('630121', '大通', '', '630100', '0', '大通', '630121'), ('630122', '湟中', '', '630100', '0', '湟中', '630122'), ('630123', '湟源', '', '630100', '0', '湟源', '630123'), ('632100', '海东', '', '630000', '0', '海東', '632100'), ('632121', '平安', '', '632100', '0', '平安', '632121'), ('632122', '民和', '', '632100', '0', '民和', '632122'), ('632123', '乐都', '', '632100', '0', '樂都', '632123'), ('632126', '互助', '', '632100', '0', '互助', '632126'), ('632127', '化隆', '', '632100', '0', '化隆', '632127'), ('632128', '循化', '', '632100', '0', '循化', '632128'), ('632200', '海北', '', '630000', '0', '海北', '632200'), ('632221', '门源', '', '632200', '0', '門源', '632221'), ('632222', '祁连', '', '632200', '0', '祁連', '632222'), ('632223', '海晏', '', '632200', '0', '海晏', '632223'), ('632224', '刚察', '', '632200', '0', '剛察', '632224'), ('632300', '黄南', '', '630000', '0', '黃南', '632300'), ('632321', '同仁', '', '632300', '0', '同仁', '632321'), ('632322', '尖扎', '', '632300', '0', '尖紮', '632322'), ('632323', '泽库', '', '632300', '0', '澤庫', '632323'), ('632324', '河南', '', '632300', '0', '河南', '632324'), ('632500', '海南藏族', '', '630000', '0', '海南藏族', '632500'), ('632521', '共和', '', '632500', '0', '共和', '632521'), ('632522', '同德', '', '632500', '0', '同德', '632522'), ('632523', '贵德', '', '632500', '0', '貴德', '632523'), ('632524', '兴海', '', '632500', '0', '興海', '632524'), ('632525', '贵南', '', '632500', '0', '貴南', '632525'), ('632600', '果洛', '', '630000', '0', '果洛', '632600'), ('632621', '玛沁', '', '632600', '0', '瑪沁', '632621'), ('632622', '班玛', '', '632600', '0', '班瑪', '632622'), ('632623', '甘德', '', '632600', '0', '甘德', '632623'), ('632624', '达日', '', '632600', '0', '達日', '632624'), ('632625', '久治', '', '632600', '0', '久治', '632625'), ('632626', '玛多', '', '632600', '0', '瑪多', '632626'), ('632700', '玉树', '', '630000', '0', '玉樹', '632700'), ('632721', '玉树', '', '632700', '0', '玉樹', '632721'), ('632722', '杂多', '', '632700', '0', '雜多', '632722'), ('632723', '称多', '', '632700', '0', '稱多', '632723'), ('632724', '治多', '', '632700', '0', '治多', '632724'), ('632725', '囊谦', '', '632700', '0', '囊謙', '632725'), ('632726', '曲麻莱', '', '632700', '0', '曲麻萊', '632726'), ('632800', '海西', '', '630000', '0', '海西', '632800'), ('632801', '格尔木', '', '632800', '0', '格爾木', '632801'), ('632802', '德令哈', '', '632800', '0', '德令哈', '632802'), ('632821', '乌兰', '', '632800', '0', '烏蘭', '632821'), ('632822', '都兰', '', '632800', '0', '都蘭', '632822'), ('632823', '天峻', '', '632800', '0', '天峻', '632823'), ('640000', '宁夏', '', '1', '0', '寧夏', '640000'), ('640100', '银川', '', '640000', '0', '銀川', '640100'), ('640104', '兴庆', '', '640100', '0', '興慶', '640104'), ('640105', '西夏', '', '640100', '0', '西夏', '640105'), ('640106', '金凤', '', '640100', '0', '金鳳', '640106'), ('640121', '永宁', '', '640100', '0', '永寧', '640121'), ('640122', '贺兰', '', '640100', '0', '賀蘭', '640122'), ('640181', '灵武', '', '640100', '0', '靈武', '640181'), ('640200', '石嘴山', '', '640000', '0', '石嘴山', '640200'), ('640202', '大武口', '', '640200', '0', '大武口', '640202'), ('640205', '惠农', '', '640200', '0', '惠農', '640205'), ('640221', '平罗', '', '640200', '0', '平羅', '640221'), ('640300', '吴忠', '', '640000', '0', '吳忠', '640300'), ('640302', '利通', '', '640300', '0', '利通', '640302'), ('640303', '红寺堡', '', '640300', '0', '紅寺堡', '640303'), ('640323', '盐池', '', '640300', '0', '鹽池', '640323'), ('640324', '同心', '', '640300', '0', '同心', '640324'), ('640381', '青铜峡', '', '640300', '0', '青銅峽', '640381'), ('640400', '固原', '', '640000', '0', '固原', '640400'), ('640402', '原州', '', '640400', '0', '原州', '640402'), ('640422', '西吉', '', '640400', '0', '西吉', '640422'), ('640423', '隆德', '', '640400', '0', '隆德', '640423'), ('640424', '泾源', '', '640400', '0', '涇源', '640424'), ('640425', '彭阳', '', '640400', '0', '彭陽', '640425'), ('640500', '中卫', '', '640000', '0', '中衛', '640500'), ('640502', '沙坡头', '', '640500', '0', '沙坡頭', '640502'), ('640521', '中宁', '', '640500', '0', '中寧', '640521'), ('640522', '海原', '', '640500', '0', '海原', '640522'), ('650000', '新疆', '', '1', '0', '新疆', '650000'), ('650100', '乌鲁木齐', '', '650000', '0', '烏魯木齊', '650100'), ('650102', '天山', '', '650100', '0', '天山', '650102'), ('650103', '沙依巴克', '', '650100', '0', '沙依巴克', '650103'), ('650104', '新市', '', '650100', '0', '新市', '650104'), ('650105', '水磨沟', '', '650100', '0', '水磨溝', '650105'), ('650106', '头屯河', '', '650100', '0', '頭屯河', '650106'), ('650107', '达坂城', '', '650100', '0', '達阪城', '650107'), ('650109', '米东', '', '650100', '0', '米東', '650109'), ('650121', '乌鲁木齐', '', '650100', '0', '烏魯木齊', '650121'), ('650200', '克拉玛依', '', '650000', '0', '克拉瑪依', '650200'), ('650202', '独山子', '', '650200', '0', '獨山子', '650202'), ('650203', '克拉玛依', '', '650200', '0', '克拉瑪依', '650203'), ('650204', '白碱滩', '', '650200', '0', '白堿灘', '650204'), ('650205', '乌尔禾', '', '650200', '0', '烏爾禾', '650205'), ('652100', '吐鲁番', '', '650000', '0', '吐魯番', '652100'), ('652101', '高昌', '', '652100', '0', '高昌', '652101'), ('652122', '鄯善', '', '652100', '0', '鄯善', '652122'), ('652123', '托克逊', '', '652100', '0', '托克遜', '652123'), ('652200', '哈密', '', '650000', '0', '哈密', '652200'), ('652201', '哈密', '', '652200', '0', '哈密', '652201'), ('652222', '巴里坤', '', '652200', '0', '巴裏坤', '652222'), ('652223', '伊吾', '', '652200', '0', '伊吾', '652223'), ('652300', '昌吉', '', '650000', '0', '昌吉', '652300'), ('652301', '昌吉', '', '652300', '0', '昌吉', '652301'), ('652302', '阜康', '', '652300', '0', '阜康', '652302'), ('652323', '呼图壁', '', '652300', '0', '呼圖壁', '652323'), ('652324', '玛纳斯', '', '652300', '0', '瑪納斯', '652324'), ('652325', '奇台', '', '652300', '0', '奇臺', '652325'), ('652327', '吉木萨尔', '', '652300', '0', '吉木薩爾', '652327'), ('652328', '木垒', '', '652300', '0', '木壘', '652328'), ('652700', '博尔塔拉', '', '650000', '0', '博爾塔拉', '652700'), ('652701', '博乐', '', '652700', '0', '博樂', '652701'), ('652702', '阿拉山口', '', '652700', '0', '阿拉山口', '652702'), ('652722', '精河', '', '652700', '0', '精河', '652722'), ('652723', '温泉', '', '652700', '0', '溫泉', '652723'), ('652800', '巴音郭楞', '', '650000', '0', '巴音郭楞', '652800'), ('652801', '库尔勒', '', '652800', '0', '庫爾勒', '652801'), ('652822', '轮台', '', '652800', '0', '輪臺', '652822'), ('652823', '尉犁', '', '652800', '0', '尉犁', '652823'), ('652824', '若羌', '', '652800', '0', '若羌', '652824'), ('652825', '且末', '', '652800', '0', '且末', '652825'), ('652826', '焉耆', '', '652800', '0', '焉耆', '652826'), ('652827', '和静', '', '652800', '0', '和靜', '652827'), ('652828', '和硕', '', '652800', '0', '和碩', '652828'), ('652829', '博湖', '', '652800', '0', '博湖', '652829'), ('652900', '阿克苏', '', '650000', '0', '阿克蘇', '652900'), ('652901', '阿克苏', '', '652900', '0', '阿克蘇', '652901'), ('652922', '温宿', '', '652900', '0', '溫宿', '652922'), ('652923', '库车', '', '652900', '0', '庫車', '652923'), ('652924', '沙雅', '', '652900', '0', '沙雅', '652924'), ('652925', '新和', '', '652900', '0', '新和', '652925'), ('652926', '拜城', '', '652900', '0', '拜城', '652926'), ('652927', '乌什', '', '652900', '0', '烏什', '652927'), ('652928', '阿瓦提', '', '652900', '0', '阿瓦提', '652928'), ('652929', '柯坪', '', '652900', '0', '柯坪', '652929'), ('653000', '克孜勒苏柯尔克孜', '', '650000', '0', '克孜勒蘇柯爾克孜', '653000'), ('653001', '阿图什', '', '653000', '0', '阿圖什', '653001'), ('653022', '阿克陶', '', '653000', '0', '阿克陶', '653022'), ('653023', '阿合奇', '', '653000', '0', '阿合奇', '653023'), ('653024', '乌恰', '', '653000', '0', '烏恰', '653024'), ('653100', '喀什', '', '650000', '0', '喀什', '653100'), ('653101', '喀什', '', '653100', '0', '喀什', '653101'), ('653121', '疏附', '', '653100', '0', '疏附', '653121'), ('653122', '疏勒', '', '653100', '0', '疏勒', '653122'), ('653123', '英吉沙', '', '653100', '0', '英吉沙', '653123'), ('653124', '泽普', '', '653100', '0', '澤普', '653124'), ('653125', '莎车', '', '653100', '0', '莎車', '653125'), ('653126', '叶城', '', '653100', '0', '葉城', '653126'), ('653127', '麦盖提', '', '653100', '0', '麥蓋提', '653127'), ('653128', '岳普湖', '', '653100', '0', '嶽普湖', '653128'), ('653129', '伽师', '', '653100', '0', '伽師', '653129'), ('653130', '巴楚', '', '653100', '0', '巴楚', '653130'), ('653131', '塔什库尔干', '', '653100', '0', '塔什庫爾幹', '653131'), ('653200', '和田', '', '650000', '0', '和田', '653200'), ('653201', '和田市', '', '653200', '0', '和田市', '653201'), ('653221', '和田县', '', '653200', '0', '和田縣', '653221'), ('653222', '墨玉', '', '653200', '0', '墨玉', '653222'), ('653223', '皮山', '', '653200', '0', '皮山', '653223'), ('653224', '洛浦', '', '653200', '0', '洛浦', '653224'), ('653225', '策勒', '', '653200', '0', '策勒', '653225'), ('653226', '于田', '', '653200', '0', '於田', '653226'), ('653227', '民丰', '', '653200', '0', '民豐', '653227'), ('654000', '伊犁', '', '650000', '0', '伊犁', '654000'), ('654002', '伊宁市', '', '654000', '0', '伊寧市', '654002'), ('654003', '奎屯', '', '654000', '0', '奎屯', '654003'), ('654021', '伊宁县', '', '654000', '0', '伊寧縣', '654021'), ('654022', '察布查尔', '', '654000', '0', '察布查爾', '654022'), ('654023', '霍城', '', '654000', '0', '霍城', '654023'), ('654024', '巩留', '', '654000', '0', '鞏留', '654024'), ('654025', '新源', '', '654000', '0', '新源', '654025'), ('654026', '昭苏', '', '654000', '0', '昭蘇', '654026'), ('654027', '特克斯', '', '654000', '0', '特克斯', '654027'), ('654028', '尼勒克', '', '654000', '0', '尼勒克', '654028'), ('654200', '塔城', '', '650000', '0', '塔城', '654200'), ('654201', '塔城', '', '654200', '0', '塔城', '654201'), ('654202', '乌苏', '', '654200', '0', '烏蘇', '654202'), ('654221', '额敏', '', '654200', '0', '額敏', '654221'), ('654223', '沙湾', '', '654200', '0', '沙灣', '654223'), ('654224', '托里', '', '654200', '0', '托裏', '654224'), ('654225', '裕民', '', '654200', '0', '裕民', '654225'), ('654226', '和布克赛尔', '', '654200', '0', '和布克賽爾', '654226'), ('654300', '阿勒泰', '', '650000', '0', '阿勒泰', '654300'), ('654301', '阿勒泰', '', '654300', '0', '阿勒泰', '654301'), ('654321', '布尔津', '', '654300', '0', '布爾津', '654321'), ('654322', '富蕴', '', '654300', '0', '富蘊', '654322'), ('654323', '福海', '', '654300', '0', '福海', '654323'), ('654324', '哈巴河', '', '654300', '0', '哈巴河', '654324'), ('654325', '青河', '', '654300', '0', '青河', '654325'), ('654326', '吉木乃', '', '654300', '0', '吉木乃', '654326'), ('659001', '石河子', '', '650000', '0', '石河子', '659001'), ('659002', '阿拉尔', '', '650000', '0', '阿拉爾', '659002'), ('659003', '图木舒克', '', '650000', '0', '圖木舒克', '659003'), ('659004', '五家渠', '', '650000', '0', '五家渠', '659004'), ('710000', '台湾', '', '1', '0', '臺灣', '710000'), ('710100', '台北', '', '710000', '0', '臺北', '710100'), ('710101', '中正', '', '710100', '0', '中正', '710101'), ('710102', '大同', '', '710100', '0', '大同', '710102'), ('710103', '中山', '', '710100', '0', '中山', '710103'), ('710104', '松山', '', '710100', '0', '松山', '710104'), ('710105', '大安', '', '710100', '0', '大安', '710105'), ('710106', '万华', '', '710100', '0', '萬華', '710106'), ('710107', '信义', '', '710100', '0', '信義', '710107'), ('710108', '士林', '', '710100', '0', '士林', '710108'), ('710109', '北投', '', '710100', '0', '北投', '710109'), ('710110', '内湖', '', '710100', '0', '內湖', '710110'), ('710111', '南港', '', '710100', '0', '南港', '710111'), ('710112', '文山', '', '710100', '0', '文山', '710112'), ('710200', '高雄', '', '710000', '0', '高雄', '710200'), ('710201', '新兴', '', '710200', '0', '新興', '710201'), ('710202', '前金', '', '710200', '0', '前金', '710202'), ('710203', '芩雅', '', '710200', '0', '芩雅', '710203'), ('710204', '盐埕', '', '710200', '0', '鹽埕', '710204'), ('710205', '鼓山', '', '710200', '0', '鼓山', '710205'), ('710206', '旗津', '', '710200', '0', '旗津', '710206'), ('710207', '前镇', '', '710200', '0', '前鎮', '710207'), ('710208', '三民', '', '710200', '0', '三民', '710208'), ('710209', '左营', '', '710200', '0', '左營', '710209'), ('710210', '楠梓', '', '710200', '0', '楠梓', '710210'), ('710211', '小港', '', '710200', '0', '小港', '710211'), ('710241', '苓雅', '', '710200', '0', '苓雅', '710241'), ('710242', '仁武', '', '710200', '0', '仁武', '710242'), ('710243', '大社', '', '710200', '0', '大社', '710243'), ('710244', '冈山', '', '710200', '0', '岡山', '710244'), ('710245', '路竹', '', '710200', '0', '路竹', '710245'), ('710246', '阿莲', '', '710200', '0', '阿蓮', '710246'), ('710247', '田寮', '', '710200', '0', '田寮', '710247');
INSERT INTO `area` VALUES ('710248', '燕巢', '', '710200', '0', '燕巢', '710248'), ('710249', '桥头', '', '710200', '0', '橋頭', '710249'), ('710250', '梓官', '', '710200', '0', '梓官', '710250'), ('710251', '弥陀', '', '710200', '0', '彌陀', '710251'), ('710252', '永安', '', '710200', '0', '永安', '710252'), ('710253', '湖内', '', '710200', '0', '湖內', '710253'), ('710254', '凤山', '', '710200', '0', '鳳山', '710254'), ('710255', '大寮', '', '710200', '0', '大寮', '710255'), ('710256', '林园', '', '710200', '0', '林園', '710256'), ('710257', '鸟松', '', '710200', '0', '鳥松', '710257'), ('710258', '大树', '', '710200', '0', '大樹', '710258'), ('710259', '旗山', '', '710200', '0', '旗山', '710259'), ('710260', '美浓', '', '710200', '0', '美濃', '710260'), ('710261', '六龟', '', '710200', '0', '六龜', '710261'), ('710262', '内门', '', '710200', '0', '內門', '710262'), ('710263', '杉林', '', '710200', '0', '杉林', '710263'), ('710264', '甲仙', '', '710200', '0', '甲仙', '710264'), ('710265', '桃源', '', '710200', '0', '桃源', '710265'), ('710266', '那玛夏', '', '710200', '0', '那瑪夏', '710266'), ('710267', '茂林', '', '710200', '0', '茂林', '710267'), ('710268', '茄萣', '', '710200', '0', '茄萣', '710268'), ('710300', '台南', '', '710000', '0', '臺南', '710300'), ('710301', '中西', '', '710300', '0', '中西', '710301'), ('710302', '东区', '', '710300', '0', '東區', '710302'), ('710303', '南区', '', '710300', '0', '南區', '710303'), ('710304', '北区', '', '710300', '0', '北區', '710304'), ('710305', '安平', '', '710300', '0', '安平', '710305'), ('710306', '安南', '', '710300', '0', '安南', '710306'), ('710339', '永康', '', '710300', '0', '永康', '710339'), ('710340', '归仁', '', '710300', '0', '歸仁', '710340'), ('710341', '新化', '', '710300', '0', '新化', '710341'), ('710342', '左镇', '', '710300', '0', '左鎮', '710342'), ('710343', '玉井', '', '710300', '0', '玉井', '710343'), ('710344', '楠西', '', '710300', '0', '楠西', '710344'), ('710345', '南化', '', '710300', '0', '南化', '710345'), ('710346', '仁德', '', '710300', '0', '仁德', '710346'), ('710347', '关庙', '', '710300', '0', '關廟', '710347'), ('710348', '龙崎', '', '710300', '0', '龍崎', '710348'), ('710349', '官田', '', '710300', '0', '官田', '710349'), ('710350', '麻豆', '', '710300', '0', '麻豆', '710350'), ('710351', '佳里', '', '710300', '0', '佳裏', '710351'), ('710352', '西港', '', '710300', '0', '西港', '710352'), ('710353', '七股', '', '710300', '0', '七股', '710353'), ('710354', '将军', '', '710300', '0', '將軍', '710354'), ('710355', '学甲', '', '710300', '0', '學甲', '710355'), ('710356', '北门', '', '710300', '0', '北門', '710356'), ('710357', '新营', '', '710300', '0', '新營', '710357'), ('710358', '后壁', '', '710300', '0', '後壁', '710358'), ('710359', '白河', '', '710300', '0', '白河', '710359'), ('710360', '东山', '', '710300', '0', '東山', '710360'), ('710361', '六甲', '', '710300', '0', '六甲', '710361'), ('710362', '下营', '', '710300', '0', '下營', '710362'), ('710363', '柳营', '', '710300', '0', '柳營', '710363'), ('710364', '盐水', '', '710300', '0', '鹽水', '710364'), ('710365', '善化', '', '710300', '0', '善化', '710365'), ('710366', '大内', '', '710300', '0', '大內', '710366'), ('710367', '山上', '', '710300', '0', '山上', '710367'), ('710368', '新市', '', '710300', '0', '新市', '710368'), ('710369', '安定', '', '710300', '0', '安定', '710369'), ('710400', '台中', '', '710000', '0', '臺中', '710400'), ('710401', '中区', '', '710400', '0', '中區', '710401'), ('710402', '东区', '', '710400', '0', '東區', '710402'), ('710403', '南区', '', '710400', '0', '南區', '710403'), ('710404', '西区', '', '710400', '0', '西區', '710404'), ('710405', '北区', '', '710400', '0', '北區', '710405'), ('710406', '北屯', '', '710400', '0', '北屯', '710406'), ('710407', '西屯', '', '710400', '0', '西屯', '710407'), ('710408', '南屯', '', '710400', '0', '南屯', '710408'), ('710431', '太平', '', '710400', '0', '太平', '710431'), ('710432', '大里', '', '710400', '0', '大裏', '710432'), ('710433', '雾峰', '', '710400', '0', '霧峰', '710433'), ('710434', '乌日', '', '710400', '0', '烏日', '710434'), ('710435', '丰原', '', '710400', '0', '豐原', '710435'), ('710436', '后里', '', '710400', '0', '後裏', '710436'), ('710437', '石冈', '', '710400', '0', '石岡', '710437'), ('710438', '东势', '', '710400', '0', '東勢', '710438'), ('710439', '和平', '', '710400', '0', '和平', '710439'), ('710440', '新社', '', '710400', '0', '新社', '710440'), ('710441', '潭子', '', '710400', '0', '潭子', '710441'), ('710442', '大雅', '', '710400', '0', '大雅', '710442'), ('710443', '神冈', '', '710400', '0', '神岡', '710443'), ('710444', '大肚', '', '710400', '0', '大肚', '710444'), ('710445', '沙鹿', '', '710400', '0', '沙鹿', '710445'), ('710446', '龙井', '', '710400', '0', '龍井', '710446'), ('710447', '梧栖', '', '710400', '0', '梧棲', '710447'), ('710448', '清水', '', '710400', '0', '清水', '710448'), ('710449', '大甲', '', '710400', '0', '大甲', '710449'), ('710450', '外埔', '', '710400', '0', '外埔', '710450'), ('710451', '大安', '', '710400', '0', '大安', '710451'), ('710500', '金门', '', '710000', '0', '金門', '710500'), ('710507', '金沙', '', '710500', '0', '金沙', '710507'), ('710508', '金湖', '', '710500', '0', '金湖', '710508'), ('710509', '金宁', '', '710500', '0', '金寧', '710509'), ('710510', '金城', '', '710500', '0', '金城', '710510'), ('710511', '烈屿', '', '710500', '0', '烈嶼', '710511'), ('710512', '乌坵', '', '710500', '0', '烏坵', '710512'), ('710600', '南投', '', '710000', '0', '南投', '710600'), ('710614', '南投', '', '710600', '0', '南投', '710614'), ('710615', '中寮', '', '710600', '0', '中寮', '710615'), ('710616', '草屯', '', '710600', '0', '草屯', '710616'), ('710617', '国姓', '', '710600', '0', '國姓', '710617'), ('710618', '埔里', '', '710600', '0', '埔裏', '710618'), ('710619', '仁爱', '', '710600', '0', '仁愛', '710619'), ('710620', '名间', '', '710600', '0', '名間', '710620'), ('710621', '集集', '', '710600', '0', '集集', '710621'), ('710622', '水里', '', '710600', '0', '水裏', '710622'), ('710623', '鱼池', '', '710600', '0', '魚池', '710623'), ('710624', '信义', '', '710600', '0', '信義', '710624'), ('710625', '竹山', '', '710600', '0', '竹山', '710625'), ('710626', '鹿谷', '', '710600', '0', '鹿穀', '710626'), ('710700', '基隆', '', '710000', '0', '基隆', '710700'), ('710701', '仁爱', '', '710700', '0', '仁愛', '710701'), ('710702', '信义', '', '710700', '0', '信義', '710702'), ('710703', '中正', '', '710700', '0', '中正', '710703'), ('710704', '中山', '', '710700', '0', '中山', '710704'), ('710705', '安乐', '', '710700', '0', '安樂', '710705'), ('710706', '暖暖', '', '710700', '0', '暖暖', '710706'), ('710707', '七堵', '', '710700', '0', '七堵', '710707'), ('710800', '新竹', '', '710000', '0', '新竹', '710800'), ('710801', '东区', '', '710800', '0', '東區', '710801'), ('710802', '北区', '', '710800', '0', '北區', '710802'), ('710803', '香山', '', '710800', '0', '香山', '710803'), ('710900', '嘉义', '', '710000', '0', '嘉義', '710900'), ('710901', '东区', '', '710900', '0', '東區', '710901'), ('710902', '西区', '', '710900', '0', '西區', '710902'), ('711100', '新北', '', '710000', '0', '新北', '711100'), ('711130', '万里', '', '711100', '0', '萬裏', '711130'), ('711131', '金山', '', '711100', '0', '金山', '711131'), ('711132', '板桥', '', '711100', '0', '板橋', '711132'), ('711133', '汐止', '', '711100', '0', '汐止', '711133'), ('711134', '深坑', '', '711100', '0', '深坑', '711134'), ('711135', '石碇', '', '711100', '0', '石碇', '711135'), ('711136', '瑞芳', '', '711100', '0', '瑞芳', '711136'), ('711137', '平溪', '', '711100', '0', '平溪', '711137'), ('711138', '双溪', '', '711100', '0', '雙溪', '711138'), ('711139', '贡寮', '', '711100', '0', '貢寮', '711139'), ('711140', '新店', '', '711100', '0', '新店', '711140'), ('711141', '坪林', '', '711100', '0', '坪林', '711141'), ('711142', '乌来', '', '711100', '0', '烏來', '711142'), ('711143', '永和', '', '711100', '0', '永和', '711143'), ('711144', '中和', '', '711100', '0', '中和', '711144'), ('711145', '土城', '', '711100', '0', '土城', '711145'), ('711146', '三峡', '', '711100', '0', '三峽', '711146'), ('711147', '树林', '', '711100', '0', '樹林', '711147'), ('711148', '莺歌', '', '711100', '0', '鶯歌', '711148'), ('711149', '三重', '', '711100', '0', '三重', '711149'), ('711150', '新庄', '', '711100', '0', '新莊', '711150'), ('711151', '泰山', '', '711100', '0', '泰山', '711151'), ('711152', '林口', '', '711100', '0', '林口', '711152'), ('711153', '芦洲', '', '711100', '0', '蘆洲', '711153'), ('711154', '五股', '', '711100', '0', '五股', '711154'), ('711155', '八里', '', '711100', '0', '八裏', '711155'), ('711156', '淡水', '', '711100', '0', '淡水', '711156'), ('711157', '三芝', '', '711100', '0', '三芝', '711157'), ('711158', '石门', '', '711100', '0', '石門', '711158'), ('711200', '宜兰', '', '710000', '0', '宜蘭', '711200'), ('711214', '宜兰', '', '711200', '0', '宜蘭', '711214'), ('711215', '头城', '', '711200', '0', '頭城', '711215'), ('711216', '礁溪', '', '711200', '0', '礁溪', '711216'), ('711217', '壮围', '', '711200', '0', '壯圍', '711217'), ('711218', '员山', '', '711200', '0', '員山', '711218'), ('711219', '罗东', '', '711200', '0', '羅東', '711219'), ('711220', '三星', '', '711200', '0', '三星', '711220'), ('711221', '大同', '', '711200', '0', '大同', '711221'), ('711222', '五结', '', '711200', '0', '五結', '711222'), ('711223', '冬山', '', '711200', '0', '冬山', '711223'), ('711224', '苏澳', '', '711200', '0', '蘇澳', '711224'), ('711225', '南澳', '', '711200', '0', '南澳', '711225'), ('711226', '钓鱼', '', '711200', '0', '釣魚', '711226'), ('711300', '新竹', '', '710000', '0', '新竹', '711300'), ('711314', '竹北', '', '711300', '0', '竹北', '711314'), ('711315', '湖口', '', '711300', '0', '湖口', '711315'), ('711316', '新丰', '', '711300', '0', '新豐', '711316'), ('711317', '新埔', '', '711300', '0', '新埔', '711317'), ('711318', '关西', '', '711300', '0', '關西', '711318'), ('711319', '芎林', '', '711300', '0', '芎林', '711319'), ('711320', '宝山', '', '711300', '0', '寶山', '711320'), ('711321', '竹东', '', '711300', '0', '竹東', '711321'), ('711322', '五峰', '', '711300', '0', '五峰', '711322'), ('711323', '横山', '', '711300', '0', '橫山', '711323'), ('711324', '尖石', '', '711300', '0', '尖石', '711324'), ('711325', '北埔', '', '711300', '0', '北埔', '711325'), ('711326', '峨眉', '', '711300', '0', '峨眉', '711326'), ('711400', '桃园', '', '710000', '0', '桃園', '711400'), ('711414', '中坜', '', '711400', '0', '中壢', '711414'), ('711415', '平镇', '', '711400', '0', '平鎮', '711415'), ('711416', '龙潭', '', '711400', '0', '龍潭', '711416'), ('711417', '杨梅', '', '711400', '0', '楊梅', '711417'), ('711418', '新屋', '', '711400', '0', '新屋', '711418'), ('711419', '观音', '', '711400', '0', '觀音', '711419'), ('711420', '桃园', '', '711400', '0', '桃園', '711420'), ('711421', '龟山', '', '711400', '0', '龜山', '711421'), ('711422', '八德', '', '711400', '0', '八德', '711422'), ('711423', '大溪', '', '711400', '0', '大溪', '711423'), ('711424', '复兴', '', '711400', '0', '複興', '711424'), ('711425', '大园', '', '711400', '0', '大園', '711425'), ('711426', '芦竹', '', '711400', '0', '蘆竹', '711426'), ('711500', '苗栗', '', '710000', '0', '苗栗', '711500'), ('711519', '竹南', '', '711500', '0', '竹南', '711519'), ('711520', '头份', '', '711500', '0', '頭份', '711520'), ('711521', '三湾', '', '711500', '0', '三灣', '711521'), ('711522', '南庄', '', '711500', '0', '南莊', '711522'), ('711523', '狮潭', '', '711500', '0', '獅潭', '711523'), ('711524', '后龙', '', '711500', '0', '後龍', '711524'), ('711525', '通霄', '', '711500', '0', '通霄', '711525'), ('711526', '苑里', '', '711500', '0', '苑裏', '711526'), ('711527', '苗栗', '', '711500', '0', '苗栗', '711527'), ('711528', '造桥', '', '711500', '0', '造橋', '711528'), ('711529', '头屋', '', '711500', '0', '頭屋', '711529'), ('711530', '公馆', '', '711500', '0', '公館', '711530'), ('711531', '大湖', '', '711500', '0', '大湖', '711531'), ('711532', '泰安', '', '711500', '0', '泰安', '711532'), ('711533', '铜锣', '', '711500', '0', '銅鑼', '711533'), ('711534', '三义', '', '711500', '0', '三義', '711534'), ('711535', '西湖', '', '711500', '0', '西湖', '711535'), ('711536', '卓兰', '', '711500', '0', '卓蘭', '711536'), ('711700', '彰化', '', '710000', '0', '彰化', '711700'), ('711727', '彰化', '', '711700', '0', '彰化', '711727'), ('711728', '芬园', '', '711700', '0', '芬園', '711728'), ('711729', '花坛', '', '711700', '0', '花壇', '711729'), ('711730', '秀水', '', '711700', '0', '秀水', '711730'), ('711731', '鹿港', '', '711700', '0', '鹿港', '711731'), ('711732', '福兴', '', '711700', '0', '福興', '711732'), ('711733', '线西', '', '711700', '0', '線西', '711733'), ('711734', '和美', '', '711700', '0', '和美', '711734'), ('711735', '伸港', '', '711700', '0', '伸港', '711735'), ('711736', '员林', '', '711700', '0', '員林', '711736'), ('711737', '社头', '', '711700', '0', '社頭', '711737'), ('711738', '永靖', '', '711700', '0', '永靖', '711738'), ('711739', '埔心', '', '711700', '0', '埔心', '711739'), ('711740', '溪湖', '', '711700', '0', '溪湖', '711740'), ('711741', '大村', '', '711700', '0', '大村', '711741'), ('711742', '埔盐', '', '711700', '0', '埔鹽', '711742'), ('711743', '田中', '', '711700', '0', '田中', '711743'), ('711744', '北斗', '', '711700', '0', '北鬥', '711744'), ('711745', '田尾', '', '711700', '0', '田尾', '711745'), ('711746', '埤头', '', '711700', '0', '埤頭', '711746'), ('711747', '溪州', '', '711700', '0', '溪州', '711747'), ('711748', '竹塘', '', '711700', '0', '竹塘', '711748'), ('711749', '二林', '', '711700', '0', '二林', '711749'), ('711750', '大城', '', '711700', '0', '大城', '711750'), ('711751', '芳苑', '', '711700', '0', '芳苑', '711751'), ('711752', '二水', '', '711700', '0', '二水', '711752'), ('711900', '嘉义', '', '710000', '0', '嘉義', '711900'), ('711919', '番路', '', '711900', '0', '番路', '711919'), ('711920', '梅山', '', '711900', '0', '梅山', '711920'), ('711921', '竹崎', '', '711900', '0', '竹崎', '711921'), ('711922', '阿里山', '', '711900', '0', '阿裏山', '711922'), ('711923', '中埔', '', '711900', '0', '中埔', '711923'), ('711924', '大埔', '', '711900', '0', '大埔', '711924'), ('711925', '水上', '', '711900', '0', '水上', '711925'), ('711926', '鹿草', '', '711900', '0', '鹿草', '711926'), ('711927', '太保', '', '711900', '0', '太保', '711927'), ('711928', '朴子', '', '711900', '0', '樸子', '711928'), ('711929', '东石', '', '711900', '0', '東石', '711929'), ('711930', '六脚', '', '711900', '0', '六腳', '711930'), ('711931', '新港', '', '711900', '0', '新港', '711931'), ('711932', '民雄', '', '711900', '0', '民雄', '711932'), ('711933', '大林', '', '711900', '0', '大林', '711933'), ('711934', '溪口', '', '711900', '0', '溪口', '711934'), ('711935', '义竹', '', '711900', '0', '義竹', '711935'), ('711936', '布袋', '', '711900', '0', '布袋', '711936'), ('712100', '云林', '', '710000', '0', '雲林', '712100'), ('712121', '斗南', '', '712100', '0', '鬥南', '712121'), ('712122', '大埤', '', '712100', '0', '大埤', '712122'), ('712123', '虎尾', '', '712100', '0', '虎尾', '712123'), ('712124', '土库', '', '712100', '0', '土庫', '712124'), ('712125', '褒忠', '', '712100', '0', '褒忠', '712125'), ('712126', '东势', '', '712100', '0', '東勢', '712126'), ('712127', '台西', '', '712100', '0', '臺西', '712127'), ('712128', '仑背', '', '712100', '0', '侖背', '712128'), ('712129', '麦寮', '', '712100', '0', '麥寮', '712129'), ('712130', '斗六', '', '712100', '0', '鬥六', '712130'), ('712131', '林内', '', '712100', '0', '林內', '712131'), ('712132', '古坑', '', '712100', '0', '古坑', '712132'), ('712133', '莿桐', '', '712100', '0', '莿桐', '712133'), ('712134', '西螺', '', '712100', '0', '西螺', '712134'), ('712135', '二仑', '', '712100', '0', '二侖', '712135'), ('712136', '北港', '', '712100', '0', '北港', '712136'), ('712137', '水林', '', '712100', '0', '水林', '712137'), ('712138', '口湖', '', '712100', '0', '口湖', '712138'), ('712139', '四湖', '', '712100', '0', '四湖', '712139'), ('712140', '元长', '', '712100', '0', '元長', '712140'), ('712400', '屏东', '', '710000', '0', '屏東', '712400'), ('712434', '屏东', '', '712400', '0', '屏東', '712434'), ('712435', '三地门', '', '712400', '0', '三地門', '712435'), ('712436', '雾台', '', '712400', '0', '霧臺', '712436'), ('712437', '玛家', '', '712400', '0', '瑪家', '712437'), ('712438', '九如', '', '712400', '0', '九如', '712438'), ('712439', '里港', '', '712400', '0', '裏港', '712439'), ('712440', '高树', '', '712400', '0', '高樹', '712440'), ('712441', '盐埔', '', '712400', '0', '鹽埔', '712441'), ('712442', '长治', '', '712400', '0', '長治', '712442'), ('712443', '麟洛', '', '712400', '0', '麟洛', '712443'), ('712444', '竹田', '', '712400', '0', '竹田', '712444'), ('712445', '内埔', '', '712400', '0', '內埔', '712445'), ('712446', '万丹', '', '712400', '0', '萬丹', '712446'), ('712447', '潮州', '', '712400', '0', '潮州', '712447'), ('712448', '泰武', '', '712400', '0', '泰武', '712448'), ('712449', '来义', '', '712400', '0', '來義', '712449'), ('712450', '万峦', '', '712400', '0', '萬巒', '712450'), ('712451', '崁顶', '', '712400', '0', '崁頂', '712451'), ('712452', '新埤', '', '712400', '0', '新埤', '712452'), ('712453', '南州', '', '712400', '0', '南州', '712453'), ('712454', '林边', '', '712400', '0', '林邊', '712454'), ('712455', '东港', '', '712400', '0', '東港', '712455'), ('712456', '琉球', '', '712400', '0', '琉球', '712456'), ('712457', '佳冬', '', '712400', '0', '佳冬', '712457'), ('712458', '新园', '', '712400', '0', '新園', '712458'), ('712459', '枋寮', '', '712400', '0', '枋寮', '712459'), ('712460', '枋山', '', '712400', '0', '枋山', '712460'), ('712461', '春日', '', '712400', '0', '春日', '712461'), ('712462', '狮子', '', '712400', '0', '獅子', '712462'), ('712463', '车城', '', '712400', '0', '車城', '712463'), ('712464', '牡丹', '', '712400', '0', '牡丹', '712464'), ('712465', '恒春', '', '712400', '0', '恒春', '712465'), ('712466', '满州', '', '712400', '0', '滿州', '712466'), ('712500', '台东', '', '710000', '0', '臺東', '712500'), ('712517', '台东', '', '712500', '0', '臺東', '712517'), ('712518', '绿岛', '', '712500', '0', '綠島', '712518'), ('712519', '兰屿', '', '712500', '0', '蘭嶼', '712519'), ('712520', '延平', '', '712500', '0', '延平', '712520'), ('712521', '卑南', '', '712500', '0', '卑南', '712521'), ('712522', '鹿野', '', '712500', '0', '鹿野', '712522'), ('712523', '关山', '', '712500', '0', '關山', '712523'), ('712524', '海端', '', '712500', '0', '海端', '712524'), ('712525', '池上', '', '712500', '0', '池上', '712525'), ('712526', '东河', '', '712500', '0', '東河', '712526'), ('712527', '成功', '', '712500', '0', '成功', '712527'), ('712528', '长滨', '', '712500', '0', '長濱', '712528'), ('712529', '金峰', '', '712500', '0', '金峰', '712529'), ('712530', '大武', '', '712500', '0', '大武', '712530'), ('712531', '达仁', '', '712500', '0', '達仁', '712531'), ('712532', '太麻里', '', '712500', '0', '太麻裏', '712532'), ('712600', '花莲', '', '710000', '0', '花蓮', '712600'), ('712615', '花莲', '', '712600', '0', '花蓮', '712615'), ('712616', '新城', '', '712600', '0', '新城', '712616'), ('712617', '太鲁', '', '712600', '0', '太魯', '712617'), ('712618', '秀林', '', '712600', '0', '秀林', '712618'), ('712619', '吉安', '', '712600', '0', '吉安', '712619'), ('712620', '寿丰', '', '712600', '0', '壽豐', '712620'), ('712621', '凤林', '', '712600', '0', '鳳林', '712621'), ('712622', '光复', '', '712600', '0', '光複', '712622'), ('712623', '丰滨', '', '712600', '0', '豐濱', '712623'), ('712624', '瑞穗', '', '712600', '0', '瑞穗', '712624'), ('712625', '万荣', '', '712600', '0', '萬榮', '712625'), ('712626', '玉里', '', '712600', '0', '玉裏', '712626'), ('712627', '卓溪', '', '712600', '0', '卓溪', '712627'), ('712628', '富里', '', '712600', '0', '富裏', '712628'), ('712700', '澎湖', '', '710000', '0', '澎湖', '712700'), ('712707', '马公', '', '712700', '0', '馬公', '712707'), ('712708', '西屿', '', '712700', '0', '西嶼', '712708'), ('712709', '望安', '', '712700', '0', '望安', '712709'), ('712710', '七美', '', '712700', '0', '七美', '712710'), ('712711', '白沙', '', '712700', '0', '白沙', '712711'), ('712712', '湖西', '', '712700', '0', '湖西', '712712'), ('712800', '连江', '', '710000', '0', '連江', '712800'), ('712805', '南竿', '', '712800', '0', '南竿', '712805'), ('712806', '北竿', '', '712800', '0', '北竿', '712806'), ('712807', '莒光', '', '712800', '0', '莒光', '712807'), ('712808', '东引', '', '712800', '0', '東引', '712808'), ('810000', '香港', '', '1', '0', '香港', '810000'), ('810100', '香港岛', '', '810000', '0', '香港島', '810100'), ('810101', '中西', '', '810100', '0', '中西', '810101'), ('810102', '湾仔', '', '810100', '0', '灣仔', '810102'), ('810103', '东区', '', '810100', '0', '東區', '810103'), ('810104', '南区', '', '810100', '0', '南區', '810104'), ('810200', '九龙', '', '810000', '0', '九龍', '810200'), ('810201', '九龙城', '', '810200', '0', '九龍城', '810201'), ('810202', '油尖旺', '', '810200', '0', '油尖旺', '810202'), ('810203', '深水埗', '', '810200', '0', '深水埗', '810203'), ('810204', '黄大仙', '', '810200', '0', '黃大仙', '810204'), ('810205', '观塘', '', '810200', '0', '觀塘', '810205'), ('810300', '新界', '', '810000', '0', '新界', '810300'), ('810301', '北区', '', '810300', '0', '北區', '810301'), ('810302', '大埔', '', '810300', '0', '大埔', '810302'), ('810303', '沙田', '', '810300', '0', '沙田', '810303'), ('810304', '西贡', '', '810300', '0', '西貢', '810304'), ('810305', '元朗', '', '810300', '0', '元朗', '810305'), ('810306', '屯门', '', '810300', '0', '屯門', '810306'), ('810307', '荃湾', '', '810300', '0', '荃灣', '810307'), ('810308', '葵青', '', '810300', '0', '葵青', '810308'), ('810309', '离岛', '', '810300', '0', '離島', '810309'), ('820000', '澳门', '', '1', '0', '澳門', '820000'), ('820100', '澳门半岛', '', '820000', '0', '澳門半島', '820100'), ('820200', '离岛', '', '820000', '0', '離島', '820200');
COMMIT;

-- ----------------------------
--  Table structure for `area_ext`
-- ----------------------------
DROP TABLE IF EXISTS `area_ext`;
CREATE TABLE `area_ext` (
  `ext_id` int(11) NOT NULL AUTO_INCREMENT,
  `id` int(11) DEFAULT '0' COMMENT 'ID',
  `name` char(50) DEFAULT '' COMMENT '名称',
  `name_en` varchar(100) DEFAULT '' COMMENT '英文名称',
  `parent_id` int(11) DEFAULT '0' COMMENT '上级栏目ID',
  `type` tinyint(4) DEFAULT '0' COMMENT '类别;0默认;1又名;2;3属于;11已合并到;12已更名为',
  `name_traditional` varchar(50) DEFAULT '' COMMENT '繁体名称',
  `sort` int(11) DEFAULT '0' COMMENT '排序',
  `type_name` varchar(50) DEFAULT '' COMMENT '类别名称',
  `other_name` varchar(50) DEFAULT '' COMMENT '根据类别名称填写',
  PRIMARY KEY (`ext_id`),
  KEY `id` (`id`,`parent_id`)
) ENGINE=InnoDB AUTO_INCREMENT=820345 DEFAULT CHARSET=utf8 ROW_FORMAT=COMPACT COMMENT='地区扩展表';

-- ----------------------------
--  Records of `area_ext`
-- ----------------------------
BEGIN;
INSERT INTO `area_ext` VALUES ('820201', '542301', '日喀则市', '', '542300', '1', '日喀則市', '542301', '又名', '桑珠孜区'), ('820202', '210112', '东陵区', '', '210100', '1', '東陵區', '210112', '又名', '浑南区'), ('820203', '440903', '茂港区', '', '440900', '1', '茂港區', '440903', '又名', '电白区'), ('820204', '371324', '苍山县', '', '371300', '1', '蒼山縣', '371324', '又名', '兰陵县'), ('820205', '330621', '绍兴县', '', '330600', '1', '紹興縣', '330621', '又名', '柯桥区'), ('820206', '420321', '郧县', '', '420300', '1', '鄖縣', '420321', '又名', '郧阳区'), ('820207', '410224', '开封县', '', '410200', '1', '開封縣', '410224', '又名', '祥符区'), ('820208', '542121', '昌都县', '', '542100', '1', '昌都縣', '542121', '又名', '卡若区'), ('820209', '371421', '陵县', '', '371400', '1', '陵縣', '371421', '又名', '陵城区'), ('820210', '411222', '陕县', '', '411200', '1', '陝縣', '411222', '又名', '陕州区'), ('820211', '542621', '林芝县', '', '542600', '1', '林芝縣', '542621', '又名', '巴宜区'), ('820212', '652101', '吐鲁番市', '', '652100', '1', '吐魯番市', '652101', '又名', '高昌区'), ('820213', '510107', '高新区', '', '510100', '1', '高新區', '510107', '又名', '武侯区'), ('820214', '510124', '高新西区', '', '510100', '1', '高新西區', '510124', '又名', '郫县'), ('820215', '320508', '工业园区', '', '320500', '1', '工業園區', '320508', '又名', '姑苏区'), ('820216', '320505', '高新区', '', '320500', '1', '高新區', '320505', '又名', '虎丘区'), ('820217', '330212', '高新区', '', '330200', '1', '高新區', '330212', '属于', '鄞州区'), ('820218', '330204', '高新区', '', '330200', '1', '高新區', '330204', '属于', '江东区'), ('820219', '330204', '高新区', '', '330200', '2', '高新區', '330204', '又名', '江东区'), ('820220', '330212', '高新区', '', '330200', '2', '高新區', '330212', '又名', '鄞州区'), ('820221', '370214', '高新区', '', '370200', '1', '高新區', '370214', '又名', '城阳区'), ('820222', '210213', '经济开发区', '', '210200', '1', '經濟開發區', '210213', '又名', '金州区'), ('820223', '340104', '高新区', '', '340100', '1', '高新區', '340104', '又名', '蜀山区'), ('820224', '610113', '高新区', '', '610100', '1', '高新區', '610113', '属于', '雁塔区'), ('820225', '610116', '高新区', '', '610100', '1', '高新區', '610116', '属于', '长安区'), ('820226', '610113', '高新区', '', '610100', '2', '高新區', '610113', '又名', '雁塔区'), ('820227', '610116', '高新区', '', '610100', '2', '高新區', '610116', '又名', '长安区'), ('820228', '410102', '高新区', '', '410100', '1', '高新區', '410102', '又名', '中原区'), ('820229', '410104', '经济开发区', '', '410100', '1', '經濟開發區', '410104', '又名', '管城回族区'), ('820230', '410105', '郑东新区', '', '410100', '1', '鄭東新區', '410105', '又名', '金水区'), ('820231', '220104', '高新区', '', '220100', '1', '高新區', '220104', '又名', '朝阳区'), ('820232', '220105', '经济开发区', '', '220100', '1', '經濟開發區', '220105', '又名', '二道区'), ('820233', '220106', '汽车产业开发区', '', '220100', '1', '汽車產業開發區', '220106', '又名', '绿园区'), ('820234', '620121', '兰州新区', '', '620100', '1', '蘭州新區', '620121', '又名', '永登县'), ('820235', '370705', '高新区', '', '370700', '1', '高新區', '370705', '又名', '奎文区'), ('820236', '130108', '高新区', '', '130100', '1', '高新區', '130108', '又名', '裕华区'), ('820237', '210211', '高新区', '', '210200', '1', '高新區', '210211', '属于', '甘井子区'), ('820238', '210212', '高新区', '', '210200', '1', '高新區', '210212', '属于', '旅顺口区'), ('820239', '210211', '高新区', '', '210200', '2', '高新區', '210211', '又名', '甘井子区'), ('820240', '210212', '高新区', '', '210200', '2', '高新區', '210212', '又名', '旅顺口区'), ('820241', '370102', '高新区', '', '370100', '1', '高新區', '370102', '属于', '历下区'), ('820242', '370112', '高新区', '', '370100', '1', '高新區', '370112', '属于', '历城区'), ('820243', '370102', '高新区', '', '370100', '2', '高新區', '370102', '又名', '历下区'), ('820244', '370112', '高新区', '', '370100', '2', '高新區', '370112', '又名', '历城区'), ('820245', '120116', '塘沽区', '', '120100', '1', '塘沽區', '120116', '又名', '滨海新区'), ('820246', '120116', '汉沽区', '', '120100', '1', '漢沽區', '120116', '又名', '滨海新区'), ('820247', '120116', '大港区', '', '120100', '1', '大港區', '120116', '又名', '滨海新区'), ('820248', '210112', '浑南新区', '', '210100', '1', '渾南新區', '210112', '又名', '浑南区'), ('820249', '310101', '卢湾区', '', '310100', '1', '盧灣區', '310101', '又名', '黄浦区'), ('820250', '320104', '白下区', '', '320100', '1', '白下區', '320104', '又名', '秦淮区'), ('820251', '320106', '下关区', '', '320100', '1', '下關區', '320106', '又名', '鼓楼区'), ('820252', '320323', '九里区', '', '320300', '1', '九裏區', '320323', '又名', '铜山区'), ('820253', '321003', '维扬区', '', '321000', '1', '維揚區', '321003', '又名', '邗江区'), ('820254', '340503', '金家庄区', '', '340500', '1', '金家莊區', '340503', '又名', '花山区'), ('820255', '341400', '居巢区', '', '340100', '1', '居巢區', '341400', '又名', '巢湖市'), ('820256', '370203', '四方区', '', '370200', '1', '四方區', '370203', '又名', '市北区'), ('820257', '370211', '胶南市', '', '370200', '1', '膠南市', '370211', '又名', '黄岛区'), ('820258', '450403', '蝶山区', '', '450400', '1', '蝶山區', '450403', '又名', '万秀区'), ('820259', '520111', '小河区', '', '520100', '1', '小河區', '520111', '又名', '花溪区'), ('820260', '320508', '沧浪区', '', '320500', '1', '滄浪區', '320508', '又名', '姑苏区'), ('820261', '320508', '平江区', '', '320500', '1', '平江區', '320508', '又名', '姑苏区'), ('820262', '320508', '金阊区', '', '320500', '1', '金閶區', '320508', '又名', '姑苏区'), ('820263', '451402', '江洲区', '', '451400', '1', '江洲區', '451402', '又名', '江州区'), ('820264', '510811', '元坝区', '', '510800', '1', '元壩區', '510811', '又名', '昭化区'), ('820265', '500222', '万盛区', '', '500100', '1', '萬盛區', '500222', '又名', '綦江区'), ('820266', '500225', '双桥区', '', '500100', '1', '雙橋區', '500225', '又名', '大足区'), ('820267', '210184', '新城子区', '', '210100', '1', '新城子區', '210184', '又名', '沈北新区'), ('820268', '440307', '坪山新区', '', '440300', '1', '坪山新區', '440307', '又名', '龙岗区'), ('820269', '440307', '大鹏新区', '', '440300', '1', '大鵬新區', '440307', '又名', '龙岗区'), ('820270', '440306', '光明新区', '', '440300', '1', '光明新區', '440306', '又名', '宝安区'), ('820271', '440306', '龙华新区', '', '440300', '1', '龍華新區', '440306', '又名', '宝安区'), ('820272', '652701', '双河市', '', '652700', '1', '雙河市', '652701', '又名', '博乐市'), ('820273', '652801', '铁门关市', '', '652800', '1', '鐵門關市', '652801', '又名', '库尔勒市'), ('820274', '654323', '北屯市', '', '654300', '1', '北屯市', '654323', '又名', '福海县'), ('820275', '320211', '新区', '', '320200', '1', '新區', '320211', '又名', '滨湖区'), ('820276', '420111', '东湖高新区', '', '420100', '1', '東湖高新區', '420111', '属于', '洪山区'), ('820277', '420115', '东湖高新区', '', '420100', '1', '東湖高新區', '420115', '属于', '江夏区'), ('820278', '420111', '东湖高新区', '', '420100', '2', '東湖高新區', '420111', '又名', '洪山区'), ('820279', '420115', '东湖高新区', '', '420100', '2', '東湖高新區', '420115', '又名', '江夏区'), ('820280', '420114', '经济技术开发区', '', '420100', '1', '經濟技術開發區', '420114', '属于', '蔡甸区'), ('820281', '420105', '经济技术开发区', '', '420100', '1', '經濟技術開發區', '420105', '属于', '汉阳区'), ('820282', '420114', '经济技术开发区', '', '420100', '2', '經濟技術開發區', '420114', '又名', '蔡甸区'), ('820283', '420105', '经济技术开发区', '', '420100', '2', '經濟技術開發區', '420105', '又名', '汉阳区'), ('820284', '320602', '南通经济技术开发区', '', '320600', '1', '南通經濟技術開發區', '320602', '又名', '崇川区'), ('820285', '320505', '高新区', '', '320500', '3', '高新區', '320505', '属于', ' 虎丘区'), ('820286', '330212', '高新区', '', '330200', '3', '高新區', '330212', '属于', '鄞州区'), ('820287', '330204', '高新区', '', '330200', '3', '高新區', '330204', '属于', '江东区'), ('820288', '370214', '高新区', '', '370200', '3', '高新區', '370214', '属于', ' 城阳区'), ('820289', '210213', '经济开发区', '', '210200', '3', '經濟開發區', '210213', '属于', ' 金州区'), ('820290', '210211', '高新区', '', '210200', '3', '高新區', '210211', '属于', '甘井子区'), ('820291', '210212', '高新区', '', '210200', '3', '高新區', '210212', '属于', '旅顺口区'), ('820292', '340104', '高新区', '', '340100', '3', '高新區', '340104', '属于', ' 蜀山区'), ('820293', '610113', '高新区', '', '610100', '3', '高新區', '610113', '属于', '雁塔区'), ('820294', '610116', '高新区', '', '610100', '3', '高新區', '610116', '属于', '长安区'), ('820295', '410102', '高新区', '', '410100', '3', '高新區', '410102', '属于', ' 中原区'), ('820296', '410104', '经济开发区', '', '410100', '3', '經濟開發區', '410104', '属于', ' 管城回族区'), ('820297', '410105', '郑东新区', '', '410100', '3', '鄭東新區', '410105', '属于', ' 金水区'), ('820298', '220104', '高新区', '', '220100', '3', '高新區', '220104', '属于', ' 朝阳区'), ('820299', '220105', '经济开发区', '', '220100', '3', '經濟開發區', '220105', '属于', ' 二道区'), ('820300', '220106', '汽车产业开发区', '', '220100', '3', '汽車產業開發區', '220106', '属于', ' 绿园区'), ('820301', '620121', '兰州新区', '', '620100', '3', '蘭州新區', '620121', '属于', ' 永登县'), ('820302', '320508', '工业园区', '', '320500', '3', '工業園區', '320508', '属于', ' 姑苏区'), ('820303', '510107', '高新区', '', '510100', '3', '高新區', '510107', '属于', ' 武侯区'), ('820304', '510124', '高新西区', '', '510100', '3', '高新西區', '510124', '属于', ' 郫县'), ('820305', '370705', '高新区', '', '370700', '3', '高新區', '370705', '属于', ' 奎文区'), ('820306', '130108', '高新区', '', '130100', '3', '高新區', '130108', '属于', ' 裕华区'), ('820307', '370102', '高新区', '', '370100', '3', '高新區', '370102', '属于', '历下区'), ('820308', '370112', '高新区', '', '370100', '3', '高新區', '370112', '属于', '历城区'), ('820309', '120116', '塘沽区', '', '120100', '3', '塘沽區', '120116', '已合并到', ' 滨海新区'), ('820310', '120116', '汉沽区', '', '120100', '3', '漢沽區', '120116', '已合并到', ' 滨海新区'), ('820311', '120116', '大港区', '', '120100', '3', '大港區', '120116', '已合并到', ' 滨海新区'), ('820312', '210112', '浑南新区', '', '210100', '3', '渾南新區', '210112', '已合并到', ' 浑南区'), ('820313', '310101', '卢湾区', '', '310100', '3', '盧灣區', '310101', '已合并到', ' 黄浦区'), ('820314', '320104', '白下区', '', '320100', '3', '白下區', '320104', '已合并到', ' 秦淮区'), ('820315', '320106', '下关区', '', '320100', '3', '下關區', '320106', '已合并到', ' 鼓楼区'), ('820316', '320323', '九里区', '', '320300', '3', '九裏區', '320323', '已合并到', ' 铜山区'), ('820317', '321003', '维扬区', '', '321000', '3', '維揚區', '321003', '已合并到', ' 邗江区'), ('820318', '340503', '金家庄区', '', '340500', '3', '金家莊區', '340503', '已合并到', ' 花山区'), ('820319', '341400', '居巢区', '', '340100', '3', '居巢區', '341400', '已合并到', ' 巢湖市'), ('820320', '370203', '四方区', '', '370200', '3', '四方區', '370203', '已合并到', ' 市北区'), ('820321', '370211', '胶南市', '', '370200', '3', '膠南市', '370211', '已合并到', ' 黄岛区'), ('820322', '450403', '蝶山区', '', '450400', '3', '蝶山區', '450403', '已合并到', ' 万秀区'), ('820323', '320508', '沧浪区', '', '320500', '3', '滄浪區', '320508', '已合并到', ' 姑苏区'), ('820324', '320508', '平江区', '', '320500', '3', '平江區', '320508', '已合并到', ' 姑苏区'), ('820325', '320508', '金阊区', '', '320500', '3', '金閶區', '320508', '已合并到', ' 姑苏区'), ('820326', '451402', '江洲区', '', '451400', '3', '江洲區', '451402', '已更名为', ' 江州区'), ('820327', '510811', '元坝区', '', '510800', '3', '元壩區', '510811', '已更名为', ' 昭化区'), ('820328', '500222', '万盛区', '', '500100', '3', '萬盛區', '500222', '已更名为', ' 綦江区'), ('820329', '500225', '双桥区', '', '500100', '3', '雙橋區', '500225', '已更名为', ' 大足区'), ('820330', '210184', '新城子区', '', '210100', '3', '新城子區', '210184', '已更名为', ' 沈北新区'), ('820331', '440307', '坪山新区', '', '440300', '3', '坪山新區', '440307', '属于', ' 龙岗区'), ('820332', '440307', '大鹏新区', '', '440300', '3', '大鵬新區', '440307', '属于', ' 龙岗区'), ('820333', '440306', '光明新区', '', '440300', '3', '光明新區', '440306', '属于', ' 宝安区'), ('820334', '440306', '龙华新区', '', '440300', '3', '龍華新區', '440306', '属于', ' 宝安区'), ('820335', '520111', '小河区', '', '520100', '3', '小河區', '520111', '已合并到', ' 花溪区'), ('820336', '652701', '双河市', '', '652700', '3', '雙河市', '652701', '属于', ' 博乐市'), ('820337', '652801', '铁门关市', '', '652800', '3', '鐵門關市', '652801', '属于', ' 库尔勒市'), ('820338', '654323', '北屯市', '', '654300', '3', '北屯市', '654323', '属于', ' 福海县'), ('820339', '320211', '新区', '', '320200', '3', '新區', '320211', '属于', ' 滨湖区'), ('820340', '420111', '东湖高新区', '', '420100', '3', '東湖高新區', '420111', '属于', '洪山区'), ('820341', '420115', '东湖高新区', '', '420100', '3', '東湖高新區', '420115', '属于', '江夏区'), ('820342', '420114', '经济技术开发区', '', '420100', '3', '經濟技術開發區', '420114', '属于', '蔡甸区'), ('820343', '420105', '经济技术开发区', '', '420100', '3', '經濟技術開發區', '420105', '属于', '汉阳区'), ('820344', '320602', '南通经济技术开发区', '', '320600', '3', '南通經濟技術開發區', '320602', '属于', ' 崇川区');
COMMIT;

-- ----------------------------
--  Table structure for `attachment`
-- ----------------------------
DROP TABLE IF EXISTS `attachment`;
CREATE TABLE `attachment` (
  `attachment_id` int(10) unsigned NOT NULL AUTO_INCREMENT COMMENT '附件ID',
  `module` char(32) NOT NULL DEFAULT '' COMMENT '模块',
  `mark` char(60) NOT NULL DEFAULT '' COMMENT '标记标志',
  `type_id` int(5) unsigned NOT NULL DEFAULT '0' COMMENT '类别ID',
  `name` char(50) NOT NULL DEFAULT '' COMMENT '保存的文件名称',
  `name_original` varchar(255) NOT NULL DEFAULT '' COMMENT '原文件名',
  `path` char(200) NOT NULL DEFAULT '' COMMENT '文件路径',
  `size` int(10) unsigned NOT NULL DEFAULT '0' COMMENT '文件大小',
  `ext` char(10) NOT NULL DEFAULT '' COMMENT '文件后缀',
  `is_image` tinyint(1) unsigned NOT NULL DEFAULT '0' COMMENT '是否图片1是0否',
  `is_thumb` tinyint(1) unsigned NOT NULL DEFAULT '0' COMMENT '是否缩略图1是0否',
  `downloads` int(8) unsigned NOT NULL DEFAULT '0' COMMENT '下载次数',
  `time_add` timestamp NOT NULL DEFAULT CURRENT_TIMESTAMP COMMENT '添加时间上传时间',
  `ip` char(15) NOT NULL DEFAULT '' COMMENT '上传IP',
  `status` tinyint(2) unsigned NOT NULL DEFAULT '0' COMMENT '状态99正常;',
  `md5` char(32) NOT NULL DEFAULT '' COMMENT 'md5',
  `sha1` char(40) NOT NULL DEFAULT '' COMMENT 'sha1',
  `id` int(10) unsigned NOT NULL DEFAULT '0' COMMENT '所属ID',
  `aid` int(10) unsigned NOT NULL DEFAULT '0' COMMENT '后台管理员ID',
  `uid` int(10) unsigned NOT NULL DEFAULT '0' COMMENT '前台用户ID',
  `is_show` tinyint(1) unsigned NOT NULL DEFAULT '1' COMMENT '是否显示1是0否',
  `http` varchar(100) NOT NULL DEFAULT '' COMMENT '图片http地址',
  PRIMARY KEY (`attachment_id`),
  KEY `md5` (`md5`),
  KEY `module` (`module`),
  KEY `mark` (`mark`),
  KEY `id` (`id`),
  KEY `status` (`status`),
  KEY `aid` (`aid`),
  KEY `uid` (`uid`),
  KEY `is_show` (`is_show`)
) ENGINE=InnoDB DEFAULT CHARSET=utf8 ROW_FORMAT=COMPACT COMMENT='附件表';

-- ----------------------------
--  Table structure for `blog`
-- ----------------------------
DROP TABLE IF EXISTS `blog`;
CREATE TABLE `blog` (
  `blog_id` int(11) NOT NULL AUTO_INCREMENT,
  `aid` int(11) NOT NULL DEFAULT '0' COMMENT '管理员AID',
  `is_del` tinyint(1) NOT NULL DEFAULT '0' COMMENT '是否删除1是0否',
  `is_open` tinyint(1) NOT NULL DEFAULT '1' COMMENT '启用1是0否',
  `status` int(11) NOT NULL DEFAULT '0' COMMENT '状态',
  `time_system` timestamp NULL DEFAULT NULL COMMENT '创建时间,系统时间不可修改',
  `time_update` timestamp NULL DEFAULT CURRENT_TIMESTAMP ON UPDATE CURRENT_TIMESTAMP COMMENT '更新时间',
  `time_add` timestamp NULL DEFAULT CURRENT_TIMESTAMP COMMENT '添加时间,可修改',
  `title` varchar(255) NOT NULL DEFAULT '' COMMENT '标题',
  `author` varchar(255) NOT NULL DEFAULT '' COMMENT '作者',
  `url` varchar(255) NOT NULL DEFAULT '' COMMENT '网址',
  `url_source` varchar(255) NOT NULL DEFAULT '' COMMENT '来源地址(转载)',
  `url_rewrite` char(255) NOT NULL DEFAULT '' COMMENT '自定义伪静态Url',
  `description` varchar(255) NOT NULL DEFAULT '' COMMENT '摘要',
  `content` text COMMENT '内容',
  `type_id` int(11) NOT NULL DEFAULT '0' COMMENT '类别ID',
  `cat_id` int(11) NOT NULL DEFAULT '0' COMMENT '分类ID',
  `tag` varchar(255) NOT NULL DEFAULT '' COMMENT '标签',
  `thumb` varchar(255) NOT NULL DEFAULT '' COMMENT '缩略图',
  `is_relevant` tinyint(1) NOT NULL DEFAULT '0' COMMENT '相关文章1是0否',
  `is_jump` tinyint(1) NOT NULL DEFAULT '0' COMMENT '跳转1是0否',
  `is_comment` tinyint(1) NOT NULL DEFAULT '1' COMMENT '允许评论1是0否',
  `sort` int(11) NOT NULL DEFAULT '0' COMMENT '排序',
  `remark` varchar(255) NOT NULL DEFAULT '' COMMENT '备注',
  PRIMARY KEY (`blog_id`),
  KEY `is_del` (`is_del`,`is_open`,`status`,`type_id`,`cat_id`,`sort`),
  KEY `url_rewrite` (`url_rewrite`)
) ENGINE=InnoDB AUTO_INCREMENT=56 DEFAULT CHARSET=utf8 COMMENT='博客内容';

-- ----------------------------
--  Records of `blog`
-- ----------------------------
BEGIN;
INSERT INTO `blog` VALUES ('53', '0', '0', '1', '99', '2016-12-25 16:36:55', '2016-12-26 09:27:08', '2016-12-25 16:36:55', '3333333', '', '', '', '', '', '234324', '10005', '0', '234,23432', '', '0', '0', '0', '0', ''), ('54', '0', '0', '1', '99', '2016-12-25 16:37:58', '2016-12-26 09:27:07', '2016-12-25 16:37:58', '34342343', '', '', '', '', '', 'dsfsafaf![22222.jpeg](/uploads/image/2016_12/e5b3dc67d821e60e4d28946c2d327218.jpeg)\r\n\r\n#H1\r\n##H2', '10004', '0', '23432', '', '0', '0', '0', '0', ''), ('55', '0', '0', '1', '99', '2016-12-26 17:19:08', '2016-12-26 17:19:08', '2016-12-26 17:19:08', '是打发发生', '', '', '', '', '的手势点发送方', '的手势点发送方', '10003', '0', '搜索', '', '0', '0', '0', '0', '');
COMMIT;

-- ----------------------------
--  Table structure for `blog_statistics`
-- ----------------------------
DROP TABLE IF EXISTS `blog_statistics`;
CREATE TABLE `blog_statistics` (
  `statistics_id` int(11) NOT NULL AUTO_INCREMENT,
  `blog_id` int(11) NOT NULL DEFAULT '0' COMMENT '文章ID',
  `comment` int(11) NOT NULL DEFAULT '0' COMMENT '评论人数',
  `read` int(11) NOT NULL DEFAULT '0' COMMENT '阅读人数',
  `seo_title` varchar(255) NOT NULL DEFAULT '' COMMENT 'SEO标题',
  `seo_description` varchar(255) NOT NULL DEFAULT '' COMMENT 'SEO摘要',
  `seo_keyword` varchar(255) NOT NULL DEFAULT '' COMMENT 'SEO关键词',
  PRIMARY KEY (`statistics_id`),
  KEY `blog_id` (`blog_id`)
) ENGINE=InnoDB AUTO_INCREMENT=56 DEFAULT CHARSET=utf8 COMMENT='博客统计';

-- ----------------------------
--  Records of `blog_statistics`
-- ----------------------------
BEGIN;
INSERT INTO `blog_statistics` VALUES ('53', '53', '0', '0', '', '', ''), ('54', '54', '0', '0', '', '', ''), ('55', '55', '0', '0', '', '', '');
COMMIT;

-- ----------------------------
--  Table structure for `blog_tag`
-- ----------------------------
DROP TABLE IF EXISTS `blog_tag`;
CREATE TABLE `blog_tag` (
  `tag_id` int(11) NOT NULL AUTO_INCREMENT,
  `name` char(100) NOT NULL DEFAULT '' COMMENT '名称',
  `time_add` timestamp NULL DEFAULT CURRENT_TIMESTAMP COMMENT '添加时间',
  `aid` int(11) NOT NULL DEFAULT '0' COMMENT '管理员ID',
  `blog_id` int(11) NOT NULL DEFAULT '0' COMMENT '文章ID',
  PRIMARY KEY (`tag_id`)
) ENGINE=InnoDB AUTO_INCREMENT=9 DEFAULT CHARSET=utf8;

-- ----------------------------
--  Records of `blog_tag`
-- ----------------------------
BEGIN;
INSERT INTO `blog_tag` VALUES ('4', '234', '2016-12-25 16:36:55', '0', '53'), ('5', '23432', '2016-12-25 16:36:55', '0', '53'), ('6', '23432', '2016-12-25 16:37:58', '0', '54'), ('8', '搜索', '2016-12-26 17:19:08', '0', '55');
COMMIT;

-- ----------------------------
--  Table structure for `connect`
-- ----------------------------
DROP TABLE IF EXISTS `connect`;
CREATE TABLE `connect` (
  `connect_id` int(11) unsigned NOT NULL AUTO_INCREMENT,
  `uid` int(11) NOT NULL DEFAULT '0' COMMENT '用户id',
  `open_id` varchar(80) NOT NULL DEFAULT '' COMMENT '对应唯一开放id',
  `token` varchar(80) NOT NULL DEFAULT '' COMMENT '开放密钥',
  `type` int(11) NOT NULL DEFAULT '1' COMMENT '登录类型1腾讯QQ2新浪微博',
  `type_login` int(11) NOT NULL DEFAULT '0' COMMENT '登录模块;302前台还是后台301',
  `time_add` timestamp NULL DEFAULT CURRENT_TIMESTAMP COMMENT '创建时间',
  PRIMARY KEY (`connect_id`),
  KEY `mobile` (`uid`),
  KEY `openid` (`open_id`)
) ENGINE=InnoDB DEFAULT CHARSET=utf8 ROW_FORMAT=COMPACT COMMENT='快捷登陆/qq';

-- ----------------------------
--  Table structure for `log`
-- ----------------------------
DROP TABLE IF EXISTS `log`;
CREATE TABLE `log` (
  `log_id` int(11) NOT NULL,
  `id` int(11) NOT NULL DEFAULT '0' COMMENT 'id',
  `aid` int(11) NOT NULL DEFAULT '0' COMMENT '管理员ID',
  `uid` int(11) NOT NULL DEFAULT '0' COMMENT '用户id',
  `time_add` timestamp NULL DEFAULT CURRENT_TIMESTAMP COMMENT '创建时间',
  `mark` char(32) NOT NULL DEFAULT '' COMMENT '标志自定义标志',
  `data` text COMMENT '其他内容',
  `no` char(50) NOT NULL DEFAULT '' COMMENT '单号',
  `type_login` int(11) NOT NULL DEFAULT '0' COMMENT '登录方式;302前台还是后台301',
  `type_client` int(11) NOT NULL DEFAULT '0' COMMENT '登录客户端类别;321电脑;322安卓;323IOS;324手机网页;325其他',
  `ip` char(20) NOT NULL DEFAULT '' COMMENT 'IP',
  `msg` varchar(255) DEFAULT NULL COMMENT '自定义说明',
  PRIMARY KEY (`log_id`),
  KEY `type_login` (`type_login`),
  KEY `type_client` (`type_client`),
  KEY `uid` (`uid`),
  KEY `aid` (`aid`),
  KEY `id` (`id`),
  KEY `no` (`no`)
) ENGINE=InnoDB DEFAULT CHARSET=utf8 ROW_FORMAT=COMPACT COMMENT='日志表';

-- ----------------------------
--  Table structure for `member`
-- ----------------------------
DROP TABLE IF EXISTS `member`;
CREATE TABLE `member` (
  `uid` int(11) unsigned NOT NULL AUTO_INCREMENT,
  `mobile` char(11) CHARACTER SET utf8 COLLATE utf8_bin NOT NULL DEFAULT '',
  `username` char(30) NOT NULL DEFAULT '' COMMENT '用户名',
  `mail` char(32) NOT NULL DEFAULT '' COMMENT '邮箱',
  `password` char(32) NOT NULL DEFAULT '' COMMENT '密码',
  `salt` char(6) NOT NULL DEFAULT '' COMMENT '干扰码',
  `reg_ip` char(15) NOT NULL DEFAULT '' COMMENT '注册IP',
  `reg_time` timestamp NOT NULL DEFAULT CURRENT_TIMESTAMP COMMENT '注册时间',
  `is_del` tinyint(1) unsigned NOT NULL DEFAULT '0' COMMENT '状态0正常1删除',
  `group_id` int(11) unsigned NOT NULL DEFAULT '410' COMMENT '用户组ID',
  `true_name` varchar(32) NOT NULL DEFAULT '' COMMENT '真实姓名',
  `name` varchar(100) NOT NULL DEFAULT '' COMMENT '店铺名称',
  PRIMARY KEY (`uid`),
  KEY `mobile` (`mobile`),
  KEY `is_del` (`is_del`),
  KEY `username` (`username`),
  KEY `email` (`mail`),
  KEY `group_id` (`group_id`)
) ENGINE=InnoDB AUTO_INCREMENT=3 DEFAULT CHARSET=utf8 ROW_FORMAT=COMPACT COMMENT='用户表';

-- ----------------------------
--  Records of `member`
-- ----------------------------
BEGIN;
INSERT INTO `member` VALUES ('1', '18251188552', 'admin11', 'admin@1231.com', '3df350717624b0119147e0b88cec6335', 'tSmaY7', '127.0.0.1', '2016-11-21 14:06:58', '0', '410', '1', '2'), ('2', '18251188553', 'admin', 'admin@12312.com', 'a5690cd879eb4bb034922994d6eb23d8', 'ZEcV7o', '127.0.0.1', '2016-11-21 14:16:56', '0', '410', '1', '2');
COMMIT;

-- ----------------------------
--  Table structure for `member_group_ext`
-- ----------------------------
DROP TABLE IF EXISTS `member_group_ext`;
CREATE TABLE `member_group_ext` (
  `group_id` int(10) unsigned NOT NULL AUTO_INCREMENT COMMENT '用户ID',
  PRIMARY KEY (`group_id`)
) ENGINE=InnoDB DEFAULT CHARSET=utf8 ROW_FORMAT=COMPACT COMMENT='会员用户组扩展';

-- ----------------------------
--  Table structure for `member_profile`
-- ----------------------------
DROP TABLE IF EXISTS `member_profile`;
CREATE TABLE `member_profile` (
  `profile_id` int(11) unsigned NOT NULL AUTO_INCREMENT,
  `uid` int(11) NOT NULL DEFAULT '0' COMMENT 'UID',
  `sex` tinyint(1) unsigned NOT NULL DEFAULT '1' COMMENT '性别1男2女3中性0保密',
  `job` varchar(50) NOT NULL DEFAULT '' COMMENT '担任职务',
  `qq` varchar(20) NOT NULL DEFAULT '',
  `phone` varchar(20) NOT NULL DEFAULT '' COMMENT '电话',
  `county` int(11) unsigned NOT NULL DEFAULT '1' COMMENT '国家',
  `province` int(11) unsigned NOT NULL DEFAULT '0' COMMENT '省',
  `city` int(11) unsigned NOT NULL DEFAULT '0' COMMENT '市',
  `district` int(11) unsigned NOT NULL DEFAULT '0' COMMENT '区',
  `address` varchar(255) NOT NULL DEFAULT '' COMMENT '地址',
  `wechat` varchar(20) NOT NULL DEFAULT '' COMMENT '微信',
  `remark_admin` text COMMENT '客服备注',
  PRIMARY KEY (`profile_id`),
  KEY `uid` (`uid`)
) ENGINE=InnoDB AUTO_INCREMENT=3 DEFAULT CHARSET=utf8 ROW_FORMAT=COMPACT COMMENT='用户其他介绍';

-- ----------------------------
--  Records of `member_profile`
-- ----------------------------
BEGIN;
INSERT INTO `member_profile` VALUES ('1', '1', '1', '', '4', '18251188552', '1', '110000', '110100', '110105', '3', '5', '6'), ('2', '2', '0', '', '5', '3', '1', '500000', '500100', '500101', '4', '5', '7');
COMMIT;

-- ----------------------------
--  Table structure for `member_status`
-- ----------------------------
DROP TABLE IF EXISTS `member_status`;
CREATE TABLE `member_status` (
  `status_id` int(11) unsigned NOT NULL AUTO_INCREMENT,
  `uid` int(11) NOT NULL DEFAULT '0' COMMENT 'UID',
  `reg_ip` char(15) NOT NULL DEFAULT '' COMMENT '注册IP',
  `reg_time` timestamp NOT NULL DEFAULT CURRENT_TIMESTAMP COMMENT '注册时间',
  `reg_type` int(11) NOT NULL DEFAULT '0' COMMENT '注册方式',
  `reg_app_id` int(11) NOT NULL DEFAULT '1' COMMENT '注册来源',
  `last_login_ip` char(15) NOT NULL DEFAULT '' COMMENT '最后登录IP',
  `last_login_time` timestamp NULL DEFAULT NULL COMMENT '最后登录时间',
  `last_login_app_id` int(11) NOT NULL DEFAULT '0' COMMENT '最后登录app_id',
  `login` smallint(5) NOT NULL DEFAULT '0' COMMENT '登录次数',
  `is_mobile` tinyint(1) unsigned NOT NULL DEFAULT '0' COMMENT '手机号是否已验证1已验证0未验证',
  `is_email` tinyint(1) unsigned NOT NULL DEFAULT '0' COMMENT '邮箱是否已验证1已验证0未验证',
  `aid_aid` int(11) unsigned NOT NULL DEFAULT '0' COMMENT '客服AID',
  PRIMARY KEY (`status_id`),
  KEY `uid` (`uid`)
) ENGINE=InnoDB AUTO_INCREMENT=3 DEFAULT CHARSET=utf8 ROW_FORMAT=COMPACT COMMENT='用户状态';

-- ----------------------------
--  Records of `member_status`
-- ----------------------------
BEGIN;
INSERT INTO `member_status` VALUES ('1', '1', '127.0.0.1', '2016-11-21 14:06:58', '2', '1', '', null, '0', '0', '0', '0', '0'), ('2', '2', '127.0.0.1', '2016-11-21 14:16:56', '2', '1', '', null, '0', '0', '0', '0', '1');
COMMIT;

-- ----------------------------
--  Table structure for `session`
-- ----------------------------
DROP TABLE IF EXISTS `session`;
CREATE TABLE `session` (
  `id` int(11) unsigned NOT NULL AUTO_INCREMENT,
  `uid` int(11) unsigned NOT NULL DEFAULT '0' COMMENT '用户UID',
  `ip` char(15) NOT NULL DEFAULT '' COMMENT 'IP',
  `time_add` timestamp NULL DEFAULT CURRENT_TIMESTAMP COMMENT '登录时间',
  `error_count` tinyint(1) NOT NULL DEFAULT '0' COMMENT '密码输入错误次数',
  `app_id` int(11) NOT NULL DEFAULT '0' COMMENT '登录应用',
  `type_login` int(11) NOT NULL DEFAULT '0' COMMENT '登录方式;302前台还是后台301',
  `md5` char(32) NOT NULL DEFAULT '' COMMENT 'md5',
  `type_client` int(11) NOT NULL DEFAULT '0' COMMENT '登录客户端类别;321电脑;322安卓;323IOS;324手机网页;325其他',
  PRIMARY KEY (`id`),
  KEY `uid` (`uid`,`type_login`,`type_client`)
) ENGINE=InnoDB AUTO_INCREMENT=2 DEFAULT CHARSET=utf8 ROW_FORMAT=COMPACT COMMENT='SESSION';

-- ----------------------------
--  Records of `session`
-- ----------------------------
BEGIN;
INSERT INTO `session` VALUES ('1', '2', '127.0.0.1', '2016-11-21 14:16:56', '0', '505', '2', '', '0');
COMMIT;

-- ----------------------------
--  Table structure for `tag`
-- ----------------------------
DROP TABLE IF EXISTS `tag`;
CREATE TABLE `tag` (
  `tag_id` int(11) NOT NULL AUTO_INCREMENT,
  `name` char(50) NOT NULL DEFAULT '' COMMENT '名称',
  `time_add` timestamp NULL DEFAULT CURRENT_TIMESTAMP COMMENT '添加时间',
  PRIMARY KEY (`tag_id`)
) ENGINE=InnoDB DEFAULT CHARSET=utf8;

-- ----------------------------
--  Table structure for `template`
-- ----------------------------
DROP TABLE IF EXISTS `template`;
CREATE TABLE `template` (
  `template_id` int(11) unsigned NOT NULL AUTO_INCREMENT COMMENT '模板ID',
  `name` varchar(80) NOT NULL DEFAULT '' COMMENT '模板名称(中文)',
  `mark` varchar(80) NOT NULL DEFAULT '' COMMENT '模板名称标志(英文)（调用时使用）',
  `title` varchar(255) NOT NULL DEFAULT '' COMMENT '邮件标题',
  `type` tinyint(1) NOT NULL DEFAULT '0' COMMENT '模板类型1短信模板2邮箱模板',
  `use` tinyint(2) unsigned NOT NULL DEFAULT '0' COMMENT '用途',
  `content` text,
  `remark` varchar(1024) NOT NULL DEFAULT '' COMMENT '备注',
  `time_add` timestamp NULL DEFAULT CURRENT_TIMESTAMP COMMENT '创建时间',
  `time_update` timestamp NULL DEFAULT NULL ON UPDATE CURRENT_TIMESTAMP COMMENT '更新时间',
  `code_num` tinyint(3) unsigned NOT NULL DEFAULT '0' COMMENT '验证码位数',
  `aid` int(11) NOT NULL DEFAULT '0' COMMENT '添加人',
  PRIMARY KEY (`template_id`)
) ENGINE=InnoDB DEFAULT CHARSET=utf8 ROW_FORMAT=COMPACT COMMENT='会员表';

-- ----------------------------
--  Table structure for `type`
-- ----------------------------
DROP TABLE IF EXISTS `type`;
CREATE TABLE `type` (
  `id` int(11) NOT NULL AUTO_INCREMENT,
  `name` char(100) NOT NULL DEFAULT '' COMMENT '名称',
  `code` char(32) NOT NULL DEFAULT '' COMMENT '代码',
  `mark` char(32) NOT NULL DEFAULT '' COMMENT '标志',
  `type_id` int(11) NOT NULL DEFAULT '0' COMMENT '所属类别ID',
  `parent_id` int(11) NOT NULL DEFAULT '0' COMMENT '上级ID、属于/上级ID',
  `value` int(10) NOT NULL DEFAULT '0' COMMENT '值',
  `is_del` int(11) NOT NULL DEFAULT '0' COMMENT '是否删除0否1是',
  `sort` int(11) NOT NULL DEFAULT '0' COMMENT '排序',
  `remark` varchar(255) DEFAULT NULL COMMENT '备注',
  `time_add` timestamp NULL DEFAULT CURRENT_TIMESTAMP COMMENT '添加时间',
  `aid` int(11) unsigned NOT NULL DEFAULT '0' COMMENT '添加人',
  `module` char(50) NOT NULL DEFAULT '' COMMENT '模块',
  `is_default` tinyint(1) NOT NULL DEFAULT '0' COMMENT '是否默认',
  `setting` varchar(255) DEFAULT NULL COMMENT '扩展参数',
  `is_child` tinyint(1) NOT NULL DEFAULT '0' COMMENT '是否有子类1是0否',
  `is_system` tinyint(1) NOT NULL DEFAULT '0' COMMENT '系统参数禁止修改',
  `is_show` tinyint(1) NOT NULL DEFAULT '0' COMMENT '是否显示在配置页面上',
  PRIMARY KEY (`id`),
  KEY `is_del` (`is_del`),
  KEY `parent_id` (`parent_id`),
  KEY `sort` (`sort`),
  KEY `mark` (`mark`),
  KEY `type_id` (`type_id`)
) ENGINE=InnoDB AUTO_INCREMENT=10007 DEFAULT CHARSET=utf8 ROW_FORMAT=COMPACT COMMENT='类别';

-- ----------------------------
--  Records of `type`
-- ----------------------------
BEGIN;
INSERT INTO `type` VALUES ('201', '模块', '', '', '0', '0', '0', '0', '0', '', '2016-11-18 11:53:27', '0', '', '0', null, '0', '1', '0'), ('202', '管理员', '', '', '201', '0', '0', '0', '0', '', '2016-11-18 11:53:41', '0', '', '0', null, '0', '1', '0'), ('203', '角色', '', '', '201', '0', '0', '0', '0', '', '2016-11-18 11:53:53', '0', '', '0', null, '0', '1', '0'), ('204', '角色权限', '', '', '201', '0', '0', '0', '0', '', '2016-11-18 11:54:00', '0', '', '0', null, '0', '1', '0'), ('205', '菜单', '', '', '201', '0', '0', '0', '0', '', '2016-11-18 11:54:27', '0', '', '0', null, '0', '1', '0'), ('206', '地区', '', '', '201', '0', '0', '0', '0', '', '2016-11-18 11:54:37', '0', '', '0', null, '0', '1', '0'), ('207', '附件', '', '', '201', '0', '0', '0', '0', '', '2016-11-18 11:55:17', '0', '', '0', null, '0', '1', '0'), ('208', '类别', '', '', '201', '0', '0', '0', '0', '', '2016-11-18 11:55:31', '0', '', '0', null, '0', '1', '0'), ('209', '快捷登陆', '', '', '201', '0', '0', '0', '0', '', '2016-11-18 11:55:49', '0', '', '0', null, '0', '1', '0'), ('210', '用户', '', '', '201', '0', '0', '0', '0', '', '2016-11-18 11:56:07', '0', '', '0', null, '0', '1', '0'), ('211', '用户组', '', '', '201', '0', '0', '0', '0', '', '2016-11-18 11:56:12', '0', '', '0', null, '0', '1', '0'), ('212', '用户详情', '', '', '201', '0', '0', '0', '0', '', '2016-11-18 11:56:23', '0', '', '0', null, '0', '1', '0'), ('213', '用户状态', '', '', '201', '0', '0', '0', '0', '', '2016-11-18 11:56:37', '0', '', '0', null, '0', '1', '0'), ('214', '模版', '', '', '201', '0', '0', '0', '0', '', '2016-11-18 11:56:49', '0', '', '0', null, '0', '1', '0'), ('300', '登录方式', '', '', '0', '0', '0', '0', '0', null, '2016-11-18 12:22:20', '0', '', '0', null, '0', '1', '0'), ('301', '后台', '', '', '300', '0', '0', '0', '0', null, '2016-11-18 12:22:33', '0', '', '0', null, '0', '1', '0'), ('302', '前台', '', '', '300', '0', '0', '0', '0', null, '2016-11-18 12:22:43', '0', '', '0', null, '0', '1', '0'), ('320', '登录客户端类别', '', '', '0', '0', '0', '0', '0', null, '2016-11-18 12:26:34', '0', '', '0', null, '0', '1', '0'), ('321', '电脑', '', '', '320', '0', '0', '0', '0', null, '2016-11-18 12:26:56', '0', '', '0', null, '0', '1', '0'), ('322', '安卓', '', '', '320', '0', '0', '0', '0', null, '2016-11-18 12:27:13', '0', '', '0', null, '0', '1', '0'), ('323', 'IOS', '', '', '320', '0', '0', '0', '0', null, '2016-11-18 12:27:26', '0', '', '0', null, '0', '1', '0'), ('324', '手机网页', '', '', '320', '0', '0', '0', '0', null, '2016-11-18 12:27:49', '0', '', '0', null, '0', '1', '0'), ('325', '其他', '', '', '320', '0', '0', '0', '0', null, '2016-11-18 12:28:11', '0', '', '0', null, '0', '1', '0'), ('326', '安卓平板', '', '', '320', '0', '0', '0', '0', null, '2016-11-18 12:37:16', '0', '', '0', null, '0', '1', '0'), ('327', 'IOS平板', '', '', '320', '0', '0', '0', '0', null, '2016-11-18 12:37:27', '0', '', '0', null, '0', '1', '0'), ('328', 'WIN手机', '', '', '320', '0', '0', '0', '0', null, '2016-11-18 12:37:50', '0', '', '0', null, '0', '1', '0'), ('329', 'WIN平板', '', '', '320', '0', '0', '0', '0', null, '2016-11-18 12:38:02', '0', '', '0', null, '0', '1', '0'), ('390', '菜单类别', '', '', '0', '0', '0', '0', '0', null, '2016-11-19 05:20:17', '0', '', '0', null, '0', '1', '0'), ('400', '用户组', '', '', '0', '0', '0', '0', '0', '', '2016-11-18 12:04:23', '0', '', '0', null, '0', '1', '0'), ('409', '禁止登录', '', '', '400', '0', '0', '0', '0', '', '2016-11-18 12:04:37', '0', '', '0', null, '0', '1', '0'), ('410', '注册用户', '', '', '400', '0', '0', '0', '0', '', '2016-11-18 12:04:56', '0', '', '0', null, '0', '1', '0'), ('420', '角色', '', '', '0', '0', '0', '0', '0', '', '2016-11-18 12:02:59', '0', '', '0', null, '0', '1', '0'), ('429', '禁止登录', '', '', '420', '0', '0', '0', '0', '11', '2016-11-18 12:03:32', '0', '', '0', null, '0', '1', '0'), ('430', '超级管理员', '', '', '420', '0', '0', '0', '0', '', '2016-11-18 12:03:20', '0', '', '0', null, '0', '1', '0'), ('500', '应用', '', '', '0', '0', '0', '0', '0', null, '2016-11-18 12:23:10', '0', '', '0', null, '0', '1', '0'), ('501', '网页', '', '', '500', '0', '0', '0', '0', null, '2016-11-18 12:23:18', '0', '', '0', null, '0', '1', '0'), ('502', 'qq', '', '', '500', '0', '0', '0', '0', null, '2016-11-18 12:23:57', '0', '', '0', null, '0', '1', '0'), ('503', '微信', '', '', '500', '0', '0', '0', '0', null, '2016-11-18 12:24:09', '0', '', '0', null, '0', '1', '0'), ('504', '手机网页', '', '', '500', '0', '0', '0', '0', null, '2016-11-18 12:25:08', '0', '', '0', null, '0', '1', '0'), ('505', '后台', '', '', '500', '0', '0', '0', '0', null, '2016-11-21 14:03:29', '0', '', '0', null, '0', '1', '0'), ('10000', '博客分类属性', '', '', '0', '0', '0', '0', '0', '1文章2栏目', '2016-12-24 11:31:03', '0', '', '0', '', '0', '1', '1'), ('10001', '栏目', '', '', '10000', '0', '0', '0', '0', '', '2016-12-24 12:44:53', '0', '', '0', '', '0', '1', '1'), ('10002', '博客类型', '', '', '0', '0', '0', '0', '0', '1原创2转载3翻译', '2016-12-25 12:39:48', '0', '', '0', '', '0', '0', '1'), ('10003', '原创', '', '', '10002', '0', '0', '0', '0', '', '2016-12-25 12:40:22', '0', '', '0', '', '0', '0', '1'), ('10004', '转载', '', '', '10002', '0', '0', '0', '0', '', '2016-12-25 12:40:29', '0', '', '0', '', '0', '0', '1'), ('10005', '翻译', '', '', '10002', '0', '0', '0', '0', '', '2016-12-25 12:40:37', '0', '', '0', '', '0', '0', '1'), ('10006', '博客', '', '', '201', '0', '0', '0', '0', '', '2016-12-26 10:22:12', '0', '', '0', '', '0', '0', '1');
COMMIT;

SET FOREIGN_KEY_CHECKS = 1;
